tipo_base,base,variavel,tipo_dado,qtd_registros,qtd_validos,qtd_ausentes,pct_ausentes,qtd_valores_unicos,eh_numerica,eh_identificador
Bases individuais,IDEB - Anos Iniciais,sigla_uf,string,38976,38976,0,0.0,27,False,True
Bases individuais,IDEB - Anos Iniciais,cod_municipio,Int64,38976,38976,0,0.0,5568,True,True
Bases individuais,IDEB - Anos Iniciais,nome_municipio,object,38976,38976,0,0.0,5295,False,True
Bases individuais,IDEB - Anos Iniciais,rede,object,38976,38976,0,0.0,1,False,True
Bases individuais,IDEB - Anos Iniciais,ideb,float64,38976,37461,1515,3.887007389162562,78,True,False
Bases individuais,IDEB - Anos Iniciais,taxa_aprovacao_etapa,float64,38976,38369,607,1.5573686371100164,316,True,False
Bases individuais,IDEB - Anos Iniciais,indicador_rendimento,float64,38976,38369,607,1.5573686371100164,24605,True,False
Bases individuais,IDEB - Anos Iniciais,nota_media_padronizada,float64,38976,37462,1514,3.8844417077175697,37207,True,False
Bases individuais,IDEB - Anos Iniciais,nota_matematica_saeb,float64,38976,37436,1540,3.9511494252873565,10185,True,False
Bases individuais,IDEB - Anos Iniciais,nota_portugues_saeb,float64,38976,37436,1540,3.9511494252873565,9487,True,False
Bases individuais,IDEB - Anos Iniciais,ano,Int64,38976,38976,0,0.0,7,True,True
Bases individuais,IDEB - Anos Finais,sigla_uf,string,38983,38983,0,0.0,27,False,True
Bases individuais,IDEB - Anos Finais,cod_municipio,Int64,38983,38983,0,0.0,5569,True,True
Bases individuais,IDEB - Anos Finais,nome_municipio,object,38983,38983,0,0.0,5296,False,True
Bases individuais,IDEB - Anos Finais,rede,object,38983,38983,0,0.0,1,False,True
Bases individuais,IDEB - Anos Finais,ideb,float64,38983,37056,1927,4.943180360670036,77,True,False
Bases individuais,IDEB - Anos Finais,taxa_aprovacao_etapa,float64,38983,38536,447,1.1466536695482648,491,True,False
Bases individuais,IDEB - Anos Finais,indicador_rendimento,float64,38983,38536,447,1.1466536695482648,31343,True,False
Bases individuais,IDEB - Anos Finais,nota_media_padronizada,float64,38983,37057,1926,4.940615139932792,13563,True,False
Bases individuais,IDEB - Anos Finais,nota_matematica_saeb,float64,38983,37035,1948,4.997049996152169,8475,True,False
Bases individuais,IDEB - Anos Finais,nota_portugues_saeb,float64,38983,37035,1948,4.997049996152169,7998,True,False
Bases individuais,IDEB - Anos Finais,ano,Int64,38983,38983,0,0.0,7,True,True
Bases individuais,IDEB - Ensino Médio,sigla_uf,string,27815,27815,0,0.0,27,False,True
Bases individuais,IDEB - Ensino Médio,cod_municipio,Int64,27815,27815,0,0.0,5563,True,True
Bases individuais,IDEB - Ensino Médio,nome_municipio,object,27815,27815,0,0.0,5291,False,True
Bases individuais,IDEB - Ensino Médio,rede,object,27815,27815,0,0.0,1,False,True
Bases individuais,IDEB - Ensino Médio,ideb,float64,27815,23921,3894,13.999640481754449,57,True,False
Bases individuais,IDEB - Ensino Médio,taxa_aprovacao_etapa,float64,27815,27350,465,1.671759841811972,496,True,False
Bases individuais,IDEB - Ensino Médio,indicador_rendimento,float64,27815,27350,465,1.671759841811972,21682,True,False
Bases individuais,IDEB - Ensino Médio,nota_media_padronizada,float64,27815,23921,3894,13.999640481754449,23736,True,False
Bases individuais,IDEB - Ensino Médio,nota_matematica_saeb,float64,27815,23921,3894,13.999640481754449,7784,True,False
Bases individuais,IDEB - Ensino Médio,nota_portugues_saeb,float64,27815,23921,3894,13.999640481754449,7433,True,False
Bases individuais,IDEB - Ensino Médio,ano,Int64,27815,27815,0,0.0,5,True,True
Bases individuais,TDI,ano,Int64,38991,38991,0,0.0,7,True,True
Bases individuais,TDI,sigla_uf,string,38991,38991,0,0.0,27,False,True
Bases individuais,TDI,cod_municipio,Int64,38991,38991,0,0.0,5571,True,True
Bases individuais,TDI,nome_municipio,object,38991,38991,0,0.0,10620,False,True
Bases individuais,TDI,tx_distorcao_anos_iniciais,float64,38991,38982,9,0.023082249749942295,500,True,False
Bases individuais,TDI,tx_distorcao_anos_finais,float64,38991,38990,1,0.0025646944166602547,704,True,False
Bases individuais,TDI,tx_distorcao_ensino_medio,float64,38991,38925,66,0.16926983149957683,762,True,False
Bases individuais,HAD,ano,Int64,38991,38991,0,0.0,7,True,True
Bases individuais,HAD,sigla_uf,string,38991,38991,0,0.0,27,False,True
Bases individuais,HAD,cod_municipio,Int64,38991,38991,0,0.0,5571,True,True
Bases individuais,HAD,nome_municipio,object,38991,38991,0,0.0,10620,False,True
Bases individuais,HAD,categoria,object,38991,38991,0,0.0,1,False,False
Bases individuais,HAD,dependencia_adm,object,38991,38991,0,0.0,2,False,False
Bases individuais,HAD,media_had_anos_iniciais,float64,38991,38990,1,0.0025646944166602547,78,True,False
Bases individuais,HAD,media_had_anos_finais,float64,38991,38990,1,0.0025646944166602547,73,True,False
Bases individuais,HAD,media_had_ensino_medio,float64,38991,38929,62,0.15901105383293582,90,True,False
Bases individuais,ATU,ano,Int64,38991,38991,0,0.0,7,True,True
Bases individuais,ATU,sigla_uf,string,38991,38991,0,0.0,27,False,True
Bases individuais,ATU,cod_municipio,Int64,38991,38991,0,0.0,5571,True,True
Bases individuais,ATU,nome_municipio,object,38991,38991,0,0.0,10620,False,True
Bases individuais,ATU,categoria,object,38991,38991,0,0.0,1,False,False
Bases individuais,ATU,dependencia_adm,object,38991,38991,0,0.0,2,False,False
Bases individuais,ATU,media_atu_anos_iniciais,float64,38991,38990,1,0.0025646944166602547,277,True,False
Bases individuais,ATU,media_atu_anos_finais,float64,38991,38990,1,0.0025646944166602547,365,True,False
Bases individuais,ATU,media_atu_ensino_medio,float64,38991,38929,62,0.15901105383293582,428,True,False
Bases individuais,IED,ano,Int64,38991,38991,0,0.0,7,True,True
Bases individuais,IED,sigla_uf,string,38991,38991,0,0.0,27,False,True
Bases individuais,IED,cod_municipio,Int64,38991,38991,0,0.0,5571,True,True
Bases individuais,IED,nome_municipio,object,38991,38991,0,0.0,10603,False,True
Bases individuais,IED,categoria,object,38991,38991,0,0.0,1,False,False
Bases individuais,IED,dependencia_adm,object,38991,38991,0,0.0,1,False,False
Bases individuais,IED,nivel_1_anos_iniciais,float64,38991,38990,1,0.0025646944166602547,1017,True,False
Bases individuais,IED,nivel_2_anos_iniciais,float64,38991,38990,1,0.0025646944166602547,648,True,False
Bases individuais,IED,nivel_3_anos_iniciais,float64,38991,38990,1,0.0025646944166602547,742,True,False
Bases individuais,IED,nivel_4_anos_iniciais,float64,38991,38990,1,0.0025646944166602547,607,True,False
Bases individuais,IED,nivel_5_anos_iniciais,float64,38991,38990,1,0.0025646944166602547,216,True,False
Bases individuais,IED,nivel_6_anos_iniciais,float64,38991,38990,1,0.0025646944166602547,191,True,False
Bases individuais,IED,nivel_1_anos_finais,float64,38991,38991,0,0.0,560,True,False
Bases individuais,IED,nivel_2_anos_finais,float64,38991,38991,0,0.0,680,True,False
Bases individuais,IED,nivel_3_anos_finais,float64,38991,38991,0,0.0,752,True,False
Bases individuais,IED,nivel_4_anos_finais,float64,38991,38991,0,0.0,762,True,False
Bases individuais,IED,nivel_5_anos_finais,float64,38991,38991,0,0.0,443,True,False
Bases individuais,IED,nivel_6_anos_finais,float64,38991,38991,0,0.0,390,True,False
Bases individuais,IED,nivel_1_ensino_medio,float64,38991,38929,62,0.15901105383293582,297,True,False
Bases individuais,IED,nivel_2_ensino_medio,float64,38991,38929,62,0.15901105383293582,555,True,False
Bases individuais,IED,nivel_3_ensino_medio,float64,38991,38929,62,0.15901105383293582,764,True,False
Bases individuais,IED,nivel_4_ensino_medio,float64,38991,38929,62,0.15901105383293582,798,True,False
Bases individuais,IED,nivel_5_ensino_medio,float64,38991,38929,62,0.15901105383293582,575,True,False
Bases individuais,IED,nivel_6_ensino_medio,float64,38991,38929,62,0.15901105383293582,523,True,False
Bases individuais,AFD,ano,Int64,38991,38991,0,0.0,7,True,True
Bases individuais,AFD,sigla_uf,string,38991,38991,0,0.0,27,False,True
Bases individuais,AFD,cod_municipio,Int64,38991,38991,0,0.0,5571,True,True
Bases individuais,AFD,nome_municipio,object,38991,38991,0,0.0,10603,False,True
Bases individuais,AFD,categoria,object,38991,38991,0,0.0,1,False,False
Bases individuais,AFD,dependencia_adm,object,38991,38991,0,0.0,1,False,False
Bases individuais,AFD,grupo_1_anos_iniciais,float64,38991,38978,13,0.03334102741658331,997,True,False
Bases individuais,AFD,grupo_2_anos_iniciais,float64,38991,38978,13,0.03334102741658331,350,True,False
Bases individuais,AFD,grupo_3_anos_iniciais,float64,38991,38978,13,0.03334102741658331,652,True,False
Bases individuais,AFD,grupo_4_anos_iniciais,float64,38991,38978,13,0.03334102741658331,430,True,False
Bases individuais,AFD,grupo_5_anos_iniciais,float64,38991,38978,13,0.03334102741658331,1043,True,False
Bases individuais,AFD,grupo_1_anos_finais,float64,38991,38991,0,0.0,981,True,False
Bases individuais,AFD,grupo_2_anos_finais,float64,38991,38991,0,0.0,401,True,False
Bases individuais,AFD,grupo_3_anos_finais,float64,38991,38991,0,0.0,848,True,False
Bases individuais,AFD,grupo_4_anos_finais,float64,38991,38991,0,0.0,377,True,False
Bases individuais,AFD,grupo_5_anos_finais,float64,38991,38991,0,0.0,910,True,False
Bases individuais,AFD,grupo_1_ensino_medio,float64,38991,38929,62,0.15901105383293582,956,True,False
Bases individuais,AFD,grupo_2_ensino_medio,float64,38991,38929,62,0.15901105383293582,421,True,False
Bases individuais,AFD,grupo_3_ensino_medio,float64,38991,38929,62,0.15901105383293582,820,True,False
Bases individuais,AFD,grupo_4_ensino_medio,float64,38991,38929,62,0.15901105383293582,514,True,False
Bases individuais,AFD,grupo_5_ensino_medio,float64,38991,38929,62,0.15901105383293582,658,True,False
Bases individuais,IRD,ano,Int64,38991,38991,0,0.0,7,True,True
Bases individuais,IRD,sigla_uf,string,38991,38991,0,0.0,27,False,True
Bases individuais,IRD,cod_municipio,Int64,38991,38991,0,0.0,5571,True,True
Bases individuais,IRD,nome_municipio,object,38991,38991,0,0.0,10603,False,True
Bases individuais,IRD,localizacao,object,38991,38991,0,0.0,1,False,False
Bases individuais,IRD,dependencia_adm,object,38991,38991,0,0.0,1,False,False
Bases individuais,IRD,ird_baixa_regularidade,float64,38991,38991,0,0.0,595,True,False
Bases individuais,IRD,ird_media_baixa,float64,38991,38991,0,0.0,755,True,False
Bases individuais,IRD,ird_media_alta,float64,38991,38991,0,0.0,807,True,False
Bases individuais,IRD,ird_alta,float64,38991,38991,0,0.0,630,True,False
Bases individuais,ICG,ano,Int64,38991,38991,0,0.0,7,True,True
Bases individuais,ICG,sigla_uf,string,38991,38991,0,0.0,27,False,True
Bases individuais,ICG,cod_municipio,Int64,38991,38991,0,0.0,5571,True,True
Bases individuais,ICG,nome_municipio,object,38991,38991,0,0.0,10603,False,True
Bases individuais,ICG,categoria,object,38991,38991,0,0.0,1,False,False
Bases individuais,ICG,dependencia_adm,object,38991,38991,0,0.0,1,False,False
Bases individuais,ICG,nivel_1_complexidade_gestao,float64,38991,38991,0,0.0,721,True,False
Bases individuais,ICG,nivel_2_complexidade_gestao,float64,38991,38991,0,0.0,691,True,False
Bases individuais,ICG,nivel_3_complexidade_gestao,float64,38991,38991,0,0.0,602,True,False
Bases individuais,ICG,nivel_4_complexidade_gestao,float64,38991,38991,0,0.0,481,True,False
Bases individuais,ICG,nivel_5_complexidade_gestao,float64,38991,38991,0,0.0,592,True,False
Bases individuais,ICG,nivel_6_complexidade_gestao,float64,38991,38991,0,0.0,285,True,False
Bases individuais,Censo Escolar,ano,Int64,38991,38991,0,0.0,7,True,True
Bases individuais,Censo Escolar,sigla_uf,string,38991,38991,0,0.0,27,False,True
Bases individuais,Censo Escolar,cod_uf,Int64,38991,38991,0,0.0,27,True,True
Bases individuais,Censo Escolar,cod_municipio,Int64,38991,38991,0,0.0,5571,True,True
Bases individuais,Censo Escolar,nome_municipio,object,38991,38991,0,0.0,5301,False,True
Bases individuais,Censo Escolar,qtd_escolas_publicas,int64,38991,38991,0,0.0,383,True,False
Bases individuais,Censo Escolar,qtd_escolas_publicas_localizacao_diferenciada,int64,38991,38991,0,0.0,121,True,False
Bases individuais,Censo Escolar,qtd_escolas_publicas_infantil,float64,38991,33420,5571,14.28791259521428,239,True,False
Bases individuais,Censo Escolar,qtd_escolas_publicas_creche,float64,38991,33420,5571,14.28791259521428,158,True,False
Bases individuais,Censo Escolar,qtd_escolas_publicas_pre_escola,float64,38991,33420,5571,14.28791259521428,227,True,False
Bases individuais,Censo Escolar,qtd_escolas_publicas_anos_iniciais,float64,38991,33420,5571,14.28791259521428,261,True,False
Bases individuais,Censo Escolar,qtd_escolas_publicas_anos_finais,float64,38991,33420,5571,14.28791259521428,204,True,False
Bases individuais,Censo Escolar,qtd_escolas_publicas_ensino_medio,float64,38991,33420,5571,14.28791259521428,126,True,False
Bases individuais,Censo Escolar,qtd_escolas_publicas_eja,int64,38991,38991,0,0.0,165,True,False
Bases individuais,Censo Escolar,qtd_escolas_publicas_educacao_especial,float64,38991,33420,5571,14.28791259521428,323,True,False
Bases individuais,Censo Escolar,qtd_escolas_publicas_educacao_especial_classe_comum,float64,38991,33420,5571,14.28791259521428,327,True,False
Bases individuais,Censo Escolar,qtd_escolas_publicas_educacao_especial_exclusiva,float64,38991,33420,5571,14.28791259521428,53,True,False
Bases individuais,Censo Escolar,qtd_escolas_publicas_com_agua_potavel,int64,38991,38991,0,0.0,312,True,False
Bases individuais,Censo Escolar,qtd_escolas_publicas_com_agua_rede_publica,int64,38991,38991,0,0.0,346,True,False
Bases individuais,Censo Escolar,qtd_escolas_publicas_com_energia_rede_publica,int64,38991,38991,0,0.0,374,True,False
Bases individuais,Censo Escolar,qtd_escolas_publicas_com_esgoto_rede_publica,int64,38991,38991,0,0.0,309,True,False
Bases individuais,Censo Escolar,qtd_escolas_publicas_com_banheiro,int64,38991,38991,0,0.0,314,True,False
Bases individuais,Censo Escolar,qtd_escolas_publicas_com_banheiro_pne,int64,38991,38991,0,0.0,273,True,False
Bases individuais,Censo Escolar,qtd_escolas_publicas_com_biblioteca,int64,38991,38991,0,0.0,241,True,False
Bases individuais,Censo Escolar,qtd_escolas_publicas_com_sala_leitura,int64,38991,38991,0,0.0,190,True,False
Bases individuais,Censo Escolar,qtd_escolas_publicas_com_lab_ciencias,int64,38991,38991,0,0.0,135,True,False
Bases individuais,Censo Escolar,qtd_escolas_publicas_com_lab_informatica,int64,38991,38991,0,0.0,245,True,False
Bases individuais,Censo Escolar,qtd_escolas_publicas_com_quadra_esportes,int64,38991,38991,0,0.0,254,True,False
Bases individuais,Censo Escolar,qtd_escolas_publicas_com_quadra_esportes_coberta,int64,38991,38991,0,0.0,202,True,False
Bases individuais,Censo Escolar,qtd_escolas_publicas_com_refeitorio,int64,38991,38991,0,0.0,290,True,False
Bases individuais,Censo Escolar,qtd_escolas_publicas_com_cozinha,int64,38991,38991,0,0.0,376,True,False
Bases individuais,Censo Escolar,qtd_escolas_publicas_com_internet,int64,38991,38991,0,0.0,348,True,False
Bases individuais,Censo Escolar,qtd_escolas_publicas_com_internet_alunos,int64,38991,38991,0,0.0,191,True,False
Bases individuais,Censo Escolar,qtd_escolas_publicas_com_internet_administrativo,int64,38991,38991,0,0.0,300,True,False
Bases individuais,Censo Escolar,qtd_escolas_publicas_com_computador,int64,38991,38991,0,0.0,361,True,False
Bases individuais,Censo Escolar,qtd_escolas_publicas_com_dependencias_pne,float64,38991,27850,11141,28.573260496011898,156,True,False
Bases individuais,Censo Escolar,qtd_escolas_publicas_com_acessibilidade_rampas,int64,38991,38991,0,0.0,228,True,False
Bases individuais,Censo Escolar,qtd_escolas_publicas_com_acessibilidade_corrimao,int64,38991,38991,0,0.0,171,True,False
Bases individuais,Censo Escolar,qtd_escolas_publicas_com_acessibilidade_pisos_tateis,int64,38991,38991,0,0.0,104,True,False
Bases individuais,Censo Escolar,qtd_escolas_publicas_com_acessibilidade_vao_livre,int64,38991,38991,0,0.0,196,True,False
Bases individuais,Censo Escolar,qtd_escolas_publicas_sem_acessibilidade,int64,38991,38991,0,0.0,189,True,False
Bases individuais,Censo Escolar,matriculas_basica_publica,float64,38991,33420,5571,14.28791259521428,11838,True,False
Bases individuais,Censo Escolar,matriculas_anos_iniciais_publica,float64,38991,33420,5571,14.28791259521428,6498,True,False
Bases individuais,Censo Escolar,matriculas_anos_finais_publica,float64,38991,33420,5571,14.28791259521428,5825,True,False
Bases individuais,Censo Escolar,matriculas_ensino_medio_publica,float64,38991,33420,5571,14.28791259521428,4599,True,False
Bases individuais,Censo Escolar,matriculas_eja_publica,float64,38991,33420,5571,14.28791259521428,3216,True,False
Bases individuais,Censo Escolar,matriculas_educacao_especial_publica,float64,38991,33420,5571,14.28791259521428,1682,True,False
Bases individuais,Censo Escolar,docentes_basica_publica,float64,38991,33420,5571,14.28791259521428,2459,True,False
Bases individuais,Censo Escolar,docentes_anos_iniciais_publica,float64,38991,33420,5571,14.28791259521428,1194,True,False
Bases individuais,Censo Escolar,docentes_anos_finais_publica,float64,38991,33420,5571,14.28791259521428,1297,True,False
Bases individuais,Censo Escolar,docentes_ensino_medio_publica,float64,38991,33420,5571,14.28791259521428,1101,True,False
Bases individuais,Censo Escolar,docentes_eja_publica,float64,38991,33420,5571,14.28791259521428,681,True,False
Bases individuais,Censo Escolar,docentes_educacao_especial_publica,float64,38991,33420,5571,14.28791259521428,1880,True,False
Bases individuais,Censo Escolar,turmas_basica_publica,float64,38991,33420,5571,14.28791259521428,2077,True,False
Bases individuais,Censo Escolar,turmas_anos_iniciais_publica,float64,38991,33420,5571,14.28791259521428,1067,True,False
Bases individuais,Censo Escolar,turmas_anos_finais_publica,float64,38991,33420,5571,14.28791259521428,899,True,False
Bases individuais,Censo Escolar,turmas_ensino_medio_publica,float64,38991,33420,5571,14.28791259521428,682,True,False
Bases individuais,Censo Escolar,turmas_eja_publica,float64,38991,33420,5571,14.28791259521428,462,True,False
Bases individuais,Censo Escolar,turmas_educacao_especial_publica,float64,38991,33420,5571,14.28791259521428,1219,True,False
Bases individuais,Censo Escolar,salas_existentes_publica,float64,38991,27850,11141,28.573260496011898,1164,True,False
Bases individuais,Censo Escolar,salas_utilizadas_publica,int64,38991,38991,0,0.0,1676,True,False
Bases individuais,Censo Escolar,salas_utilizadas_dentro_publica,int64,38991,38991,0,0.0,1317,True,False
Bases individuais,Censo Escolar,salas_utilizadas_fora_publica,int64,38991,38991,0,0.0,272,True,False
Bases individuais,Censo Escolar,salas_utilizadas_climatizadas_publica,int64,38991,38991,0,0.0,741,True,False
Bases individuais,Censo Escolar,salas_utilizadas_acessiveis_publica,int64,38991,38991,0,0.0,683,True,False
Bases individuais,Censo Escolar,computadores_aluno_publica,float64,38991,27850,11141,28.573260496011898,1288,True,False
Bases individuais,Censo Escolar,computadores_administrativo_publica,float64,38991,27850,11141,28.573260496011898,715,True,False
Bases individuais,Censo Escolar,media_alunos_por_turma_basica_publica,float64,38991,33420,5571,14.28791259521428,26737,True,False
Bases individuais,Censo Escolar,media_alunos_por_docente_basica_publica,float64,38991,33420,5571,14.28791259521428,28848,True,False
Bases individuais,Censo Escolar,media_docentes_por_escola_publica,float64,38991,33420,5571,14.28791259521428,9293,True,False
Bases individuais,Censo Escolar,media_turmas_por_escola_publica,float64,38991,33420,5571,14.28791259521428,8195,True,False
Bases individuais,Censo Escolar,proporcao_escolas_publicas_com_internet,float64,38991,38991,0,0.0,2551,True,False
Bases individuais,Censo Escolar,proporcao_escolas_publicas_com_biblioteca,float64,38991,38991,0,0.0,2492,True,False
Bases individuais,Censo Escolar,proporcao_escolas_publicas_com_lab_informatica,float64,38991,38991,0,0.0,2559,True,False
Bases individuais,Censo Escolar,proporcao_escolas_publicas_com_banheiro_pne,float64,38991,38991,0,0.0,2646,True,False
Bases individuais,Censo Escolar,proporcao_escolas_publicas_com_agua_potavel,float64,38991,38991,0,0.0,1042,True,False
Bases individuais,Censo Escolar,proporcao_escolas_publicas_com_energia_rede_publica,float64,38991,38991,0,0.0,1227,True,False
Bases individuais,Censo Escolar,proporcao_escolas_publicas_com_esgoto_rede_publica,float64,38991,38991,0,0.0,2493,True,False
Bases individuais,População,ano,Int64,66841,66841,0,0.0,12,True,True
Bases individuais,População,sigla_uf,string,66841,66841,0,0.0,27,False,True
Bases individuais,População,cod_uf,Int64,66841,66841,0,0.0,27,True,True
Bases individuais,População,cod_municipio,Int64,66841,66841,0,0.0,5571,True,True
Bases individuais,População,nome_municipio,object,66841,66841,0,0.0,5304,False,True
Bases individuais,População,populacao,int64,66841,66841,0,0.0,33821,True,False
Bases individuais,PIB,ano,Int64,38990,38990,0,0.0,7,True,True
Bases individuais,PIB,sigla_uf,string,38990,38990,0,0.0,27,False,True
Bases individuais,PIB,cod_uf,Int64,38990,38990,0,0.0,27,True,True
Bases individuais,PIB,cod_municipio,Int64,38990,38990,0,0.0,5570,True,True
Bases individuais,PIB,nome_municipio,object,38990,38990,0,0.0,5297,False,True
Bases individuais,PIB,pib,float64,38990,38990,0,0.0,38986,True,False
Bases individuais,PIB,pib_per_capita,float64,38990,38990,0,0.0,38990,True,False
Bases individuais,PIB,origem_pib,object,38990,38990,0,0.0,2,False,False
Bases individuais,BPC,ano,Int64,38991,38991,0,0.0,7,True,True
Bases individuais,BPC,sigla_uf,string,38991,38991,0,0.0,27,False,True
Bases individuais,BPC,cod_uf,Int64,38991,38991,0,0.0,27,True,True
Bases individuais,BPC,cod_municipio,Int64,38991,38991,0,0.0,5571,True,True
Bases individuais,BPC,nome_municipio,object,38991,38991,0,0.0,5298,False,True
Bases individuais,BPC,bpc_beneficiarios_pcd,float64,38991,38986,5,0.012823472083301275,3130,True,False
Bases individuais,BPC,bpc_beneficiarios_idosos,float64,38991,38986,5,0.012823472083301275,2759,True,False
Bases individuais,BPC,bpc_beneficiarios_total,float64,38991,38918,73,0.18722269241619863,4277,True,False
Bases individuais,BPC,bpc_valor_pcd,float64,38991,38991,0,0.0,37952,True,False
Bases individuais,BPC,bpc_valor_idosos,float64,38991,38991,0,0.0,35215,True,False
Bases individuais,BPC,bpc_valor_total,float64,38991,38927,64,0.1641404426662563,38431,True,False
Bases individuais,Bolsa Família,ano,Int64,38989,38989,0,0.0,7,True,True
Bases individuais,Bolsa Família,sigla_uf,string,38989,38989,0,0.0,27,False,True
Bases individuais,Bolsa Família,cod_uf,Int64,38989,38989,0,0.0,27,True,True
Bases individuais,Bolsa Família,cod_municipio,Int64,38989,38989,0,0.0,5570,True,True
Bases individuais,Bolsa Família,nome_municipio,object,38989,38989,0,0.0,5297,False,True
Bases individuais,Bolsa Família,bolsa_familia_beneficiarios,int64,38989,38989,0,0.0,8363,True,False
Bases individuais,Agropecuária,ano,Int64,38983,38983,0,0.0,7,True,True
Bases individuais,Agropecuária,sigla_uf,string,38983,38983,0,0.0,27,False,True
Bases individuais,Agropecuária,cod_uf,Int64,38983,38983,0,0.0,27,True,True
Bases individuais,Agropecuária,cod_municipio,Int64,38983,38983,0,0.0,5569,True,True
Bases individuais,Agropecuária,nome_municipio,object,38983,38983,0,0.0,5296,False,True
Bases individuais,Agropecuária,vacas_ordenhadas_cabecas,float64,38983,38509,474,1.2159146294538645,9610,True,False
Bases individuais,Agropecuária,efetivo_bovino_cabecas,float64,38983,38741,242,0.6207834184131544,25915,True,False
Bases individuais,Agropecuária,efetivo_bubalino_cabecas,float64,38983,18817,20166,51.73024138727137,1994,True,False
Bases individuais,Agropecuária,efetivo_caprino_cabecas,float64,38983,35505,3478,8.92183772413616,5916,True,False
Bases individuais,Agropecuária,efetivo_codornas_cabecas,float64,38983,6872,32111,82.3718030936562,1745,True,False
Bases individuais,Agropecuária,efetivo_equino_cabecas,float64,38983,38580,403,1.0337839571095093,5499,True,False
Bases individuais,Agropecuária,efetivo_galinaceos_total_cabecas,float64,38983,38313,670,1.718697893953775,22515,True,False
Bases individuais,Agropecuária,efetivo_ovino_cabecas,float64,38983,37049,1934,4.961136905830746,8817,True,False
Bases individuais,Agropecuária,efetivo_suino_total_cabecas,float64,38983,38338,645,1.6545673755226638,11596,True,False
Bases individuais,Agropecuária,valor_producao_total_mil_reais,float64,38983,38692,291,0.746479234538132,21628,True,False
Bases individuais,Agropecuária,valor_producao_extracao_vegetal_total_mil_reais,float64,38983,24475,14508,37.21622245594233,4650,True,False
Bases individuais,Agropecuária,valor_producao_aquicultura_total_mil_reais,float64,38983,22749,16234,41.64379344842624,4873,True,False
Bases individuais,Agropecuária,area_plantada_destinada_colheita_ha_total,float64,38983,38491,492,1.2620886027242644,19200,True,False
Bases individuais,Agropecuária,area_colhida_ha_total,float64,38983,38453,530,1.3595669907395531,19102,True,False
Bases individuais,Agropecuária,valor_producao_mil_reais_total,float64,38983,38453,530,1.3595669907395531,28996,True,False
Bases individuais,Agropecuária,origem_agropecuaria,object,38983,38983,0,0.0,2,False,False
Bases individuais,Importação,ano,Int64,14800,14800,0,0.0,7,True,True
Bases individuais,Importação,uf,object,14800,14800,0,0.0,27,False,False
Bases individuais,Importação,cod_municipio,Int64,14800,14800,0,0.0,3174,True,True
Bases individuais,Importação,importacao_kg_liquido,int64,14800,14800,0,0.0,13226,True,False
Bases individuais,Importação,importacao_vl_fob,int64,14800,14800,0,0.0,14616,True,False
Bases individuais,Exportação,ano,Int64,15440,15440,0,0.0,7,True,True
Bases individuais,Exportação,uf,object,15440,15440,0,0.0,27,False,False
Bases individuais,Exportação,cod_municipio,Int64,15440,15440,0,0.0,3107,True,True
Bases individuais,Exportação,exportacao_kg_liquido,int64,15440,15440,0,0.0,14517,True,False
Bases individuais,Exportação,exportacao_vl_fob,int64,15440,15440,0,0.0,15305,True,False
Painéis integrados completos,Anos Iniciais,ano,Int64,38990,38990,0,0.0,7,True,True
Painéis integrados completos,Anos Iniciais,sigla_uf,string,38990,38990,0,0.0,27,False,True
Painéis integrados completos,Anos Iniciais,cod_municipio,Int64,38990,38990,0,0.0,5570,True,True
Painéis integrados completos,Anos Iniciais,nome_municipio,object,38990,38990,0,0.0,10619,False,True
Painéis integrados completos,Anos Iniciais,ideb_anos_iniciais,float64,38990,37460,1530,3.9240830982303154,78,True,False
Painéis integrados completos,Anos Iniciais,taxa_aprovacao_anos_iniciais,float64,38990,38368,622,1.595280841241344,316,True,False
Painéis integrados completos,Anos Iniciais,indicador_rendimento_anos_iniciais,float64,38990,38368,622,1.595280841241344,24605,True,False
Painéis integrados completos,Anos Iniciais,nota_media_padronizada_anos_iniciais,float64,38990,37461,1529,3.9215183380353937,37206,True,False
Painéis integrados completos,Anos Iniciais,nota_matematica_saeb_anos_iniciais,float64,38990,37435,1555,3.9882021031033594,10185,True,False
Painéis integrados completos,Anos Iniciais,nota_portugues_saeb_anos_iniciais,float64,38990,37435,1555,3.9882021031033594,9487,True,False
Painéis integrados completos,Anos Iniciais,populacao,int64,38990,38990,0,0.0,24232,True,False
Painéis integrados completos,Anos Iniciais,pib,float64,38990,38990,0,0.0,38986,True,False
Painéis integrados completos,Anos Iniciais,pib_per_capita,float64,38990,38990,0,0.0,38990,True,False
Painéis integrados completos,Anos Iniciais,origem_pib,object,38990,38990,0,0.0,2,False,False
Painéis integrados completos,Anos Iniciais,bpc_beneficiarios_pcd,float64,38990,38985,5,0.012823800974608873,3130,True,False
Painéis integrados completos,Anos Iniciais,bpc_beneficiarios_idosos,float64,38990,38985,5,0.012823800974608873,2759,True,False
Painéis integrados completos,Anos Iniciais,bpc_beneficiarios_total,float64,38990,38917,73,0.18722749422928955,4277,True,False
Painéis integrados completos,Anos Iniciais,bpc_valor_pcd,float64,38990,38990,0,0.0,37951,True,False
Painéis integrados completos,Anos Iniciais,bpc_valor_idosos,float64,38990,38990,0,0.0,35214,True,False
Painéis integrados completos,Anos Iniciais,bpc_valor_total,float64,38990,38926,64,0.1641446524749936,38430,True,False
Painéis integrados completos,Anos Iniciais,bolsa_familia_beneficiarios,float64,38990,38989,1,0.002564760194921775,8363,True,False
Painéis integrados completos,Anos Iniciais,vacas_ordenhadas_cabecas,float64,38990,38509,481,1.2336496537573736,9610,True,False
Painéis integrados completos,Anos Iniciais,efetivo_bovino_cabecas,float64,38990,38741,249,0.6386252885355219,25915,True,False
Painéis integrados completos,Anos Iniciais,efetivo_bubalino_cabecas,float64,38990,18817,20173,51.73890741215696,1994,True,False
Painéis integrados completos,Anos Iniciais,efetivo_caprino_cabecas,float64,38990,35505,3485,8.938189279302385,5916,True,False
Painéis integrados completos,Anos Iniciais,efetivo_codornas_cabecas,float64,38990,6872,32118,82.37496794049757,1745,True,False
Painéis integrados completos,Anos Iniciais,efetivo_equino_cabecas,float64,38990,38580,410,1.0515516799179276,5499,True,False
Painéis integrados completos,Anos Iniciais,efetivo_galinaceos_total_cabecas,float64,38990,38313,677,1.7363426519620413,22515,True,False
Painéis integrados completos,Anos Iniciais,efetivo_ovino_cabecas,float64,38990,37049,1941,4.978199538343165,8817,True,False
Painéis integrados completos,Anos Iniciais,efetivo_suino_total_cabecas,float64,38990,38338,652,1.672223647088997,11596,True,False
Painéis integrados completos,Anos Iniciais,valor_producao_total_mil_reais,float64,38990,38692,298,0.7642985380866889,21628,True,False
Painéis integrados completos,Anos Iniciais,valor_producao_extracao_vegetal_total_mil_reais,float64,38990,24475,14515,37.22749422928956,4650,True,False
Painéis integrados completos,Anos Iniciais,valor_producao_aquicultura_total_mil_reais,float64,38990,22749,16241,41.654270325724546,4873,True,False
Painéis integrados completos,Anos Iniciais,area_plantada_destinada_colheita_ha_total,float64,38990,38491,499,1.2798153372659655,19200,True,False
Painéis integrados completos,Anos Iniciais,area_colhida_ha_total,float64,38990,38453,537,1.377276224672993,19102,True,False
Painéis integrados completos,Anos Iniciais,valor_producao_mil_reais_total,float64,38990,38453,537,1.377276224672993,28996,True,False
Painéis integrados completos,Anos Iniciais,origem_agropecuaria,object,38990,38983,7,0.017953321364452424,2,False,False
Painéis integrados completos,Anos Iniciais,tem_importacao,int64,38990,38990,0,0.0,2,True,False
Painéis integrados completos,Anos Iniciais,tem_exportacao,int64,38990,38990,0,0.0,2,True,False
Painéis integrados completos,Anos Iniciais,ird_baixa_regularidade,float64,38990,38990,0,0.0,595,True,False
Painéis integrados completos,Anos Iniciais,ird_media_baixa,float64,38990,38990,0,0.0,755,True,False
Painéis integrados completos,Anos Iniciais,ird_media_alta,float64,38990,38990,0,0.0,807,True,False
Painéis integrados completos,Anos Iniciais,ird_alta,float64,38990,38990,0,0.0,630,True,False
Painéis integrados completos,Anos Iniciais,nivel_1_complexidade_gestao,float64,38990,38990,0,0.0,721,True,False
Painéis integrados completos,Anos Iniciais,nivel_2_complexidade_gestao,float64,38990,38990,0,0.0,691,True,False
Painéis integrados completos,Anos Iniciais,nivel_3_complexidade_gestao,float64,38990,38990,0,0.0,602,True,False
Painéis integrados completos,Anos Iniciais,nivel_4_complexidade_gestao,float64,38990,38990,0,0.0,481,True,False
Painéis integrados completos,Anos Iniciais,nivel_5_complexidade_gestao,float64,38990,38990,0,0.0,592,True,False
Painéis integrados completos,Anos Iniciais,nivel_6_complexidade_gestao,float64,38990,38990,0,0.0,285,True,False
Painéis integrados completos,Anos Iniciais,qtd_escolas_publicas,int64,38990,38990,0,0.0,383,True,False
Painéis integrados completos,Anos Iniciais,qtd_escolas_publicas_localizacao_diferenciada,int64,38990,38990,0,0.0,121,True,False
Painéis integrados completos,Anos Iniciais,qtd_escolas_publicas_infantil,float64,38990,33420,5570,14.285714285714285,239,True,False
Painéis integrados completos,Anos Iniciais,qtd_escolas_publicas_creche,float64,38990,33420,5570,14.285714285714285,158,True,False
Painéis integrados completos,Anos Iniciais,qtd_escolas_publicas_pre_escola,float64,38990,33420,5570,14.285714285714285,227,True,False
Painéis integrados completos,Anos Iniciais,qtd_escolas_publicas_anos_iniciais,float64,38990,33420,5570,14.285714285714285,261,True,False
Painéis integrados completos,Anos Iniciais,qtd_escolas_publicas_anos_finais,float64,38990,33420,5570,14.285714285714285,204,True,False
Painéis integrados completos,Anos Iniciais,qtd_escolas_publicas_ensino_medio,float64,38990,33420,5570,14.285714285714285,126,True,False
Painéis integrados completos,Anos Iniciais,qtd_escolas_publicas_eja,int64,38990,38990,0,0.0,165,True,False
Painéis integrados completos,Anos Iniciais,qtd_escolas_publicas_educacao_especial,float64,38990,33420,5570,14.285714285714285,323,True,False
Painéis integrados completos,Anos Iniciais,qtd_escolas_publicas_educacao_especial_classe_comum,float64,38990,33420,5570,14.285714285714285,327,True,False
Painéis integrados completos,Anos Iniciais,qtd_escolas_publicas_educacao_especial_exclusiva,float64,38990,33420,5570,14.285714285714285,53,True,False
Painéis integrados completos,Anos Iniciais,qtd_escolas_publicas_com_agua_potavel,int64,38990,38990,0,0.0,312,True,False
Painéis integrados completos,Anos Iniciais,qtd_escolas_publicas_com_agua_rede_publica,int64,38990,38990,0,0.0,346,True,False
Painéis integrados completos,Anos Iniciais,qtd_escolas_publicas_com_energia_rede_publica,int64,38990,38990,0,0.0,374,True,False
Painéis integrados completos,Anos Iniciais,qtd_escolas_publicas_com_esgoto_rede_publica,int64,38990,38990,0,0.0,309,True,False
Painéis integrados completos,Anos Iniciais,qtd_escolas_publicas_com_banheiro,int64,38990,38990,0,0.0,314,True,False
Painéis integrados completos,Anos Iniciais,qtd_escolas_publicas_com_banheiro_pne,int64,38990,38990,0,0.0,273,True,False
Painéis integrados completos,Anos Iniciais,qtd_escolas_publicas_com_biblioteca,int64,38990,38990,0,0.0,241,True,False
Painéis integrados completos,Anos Iniciais,qtd_escolas_publicas_com_sala_leitura,int64,38990,38990,0,0.0,190,True,False
Painéis integrados completos,Anos Iniciais,qtd_escolas_publicas_com_lab_ciencias,int64,38990,38990,0,0.0,135,True,False
Painéis integrados completos,Anos Iniciais,qtd_escolas_publicas_com_lab_informatica,int64,38990,38990,0,0.0,245,True,False
Painéis integrados completos,Anos Iniciais,qtd_escolas_publicas_com_quadra_esportes,int64,38990,38990,0,0.0,254,True,False
Painéis integrados completos,Anos Iniciais,qtd_escolas_publicas_com_quadra_esportes_coberta,int64,38990,38990,0,0.0,202,True,False
Painéis integrados completos,Anos Iniciais,qtd_escolas_publicas_com_refeitorio,int64,38990,38990,0,0.0,290,True,False
Painéis integrados completos,Anos Iniciais,qtd_escolas_publicas_com_cozinha,int64,38990,38990,0,0.0,376,True,False
Painéis integrados completos,Anos Iniciais,qtd_escolas_publicas_com_internet,int64,38990,38990,0,0.0,348,True,False
Painéis integrados completos,Anos Iniciais,qtd_escolas_publicas_com_internet_alunos,int64,38990,38990,0,0.0,191,True,False
Painéis integrados completos,Anos Iniciais,qtd_escolas_publicas_com_internet_administrativo,int64,38990,38990,0,0.0,300,True,False
Painéis integrados completos,Anos Iniciais,qtd_escolas_publicas_com_computador,int64,38990,38990,0,0.0,361,True,False
Painéis integrados completos,Anos Iniciais,qtd_escolas_publicas_com_dependencias_pne,float64,38990,27850,11140,28.57142857142857,156,True,False
Painéis integrados completos,Anos Iniciais,qtd_escolas_publicas_com_acessibilidade_rampas,int64,38990,38990,0,0.0,228,True,False
Painéis integrados completos,Anos Iniciais,qtd_escolas_publicas_com_acessibilidade_corrimao,int64,38990,38990,0,0.0,171,True,False
Painéis integrados completos,Anos Iniciais,qtd_escolas_publicas_com_acessibilidade_pisos_tateis,int64,38990,38990,0,0.0,104,True,False
Painéis integrados completos,Anos Iniciais,qtd_escolas_publicas_com_acessibilidade_vao_livre,int64,38990,38990,0,0.0,196,True,False
Painéis integrados completos,Anos Iniciais,qtd_escolas_publicas_sem_acessibilidade,int64,38990,38990,0,0.0,189,True,False
Painéis integrados completos,Anos Iniciais,matriculas_basica_publica,float64,38990,33420,5570,14.285714285714285,11838,True,False
Painéis integrados completos,Anos Iniciais,matriculas_anos_iniciais_publica,float64,38990,33420,5570,14.285714285714285,6498,True,False
Painéis integrados completos,Anos Iniciais,matriculas_anos_finais_publica,float64,38990,33420,5570,14.285714285714285,5825,True,False
Painéis integrados completos,Anos Iniciais,matriculas_ensino_medio_publica,float64,38990,33420,5570,14.285714285714285,4599,True,False
Painéis integrados completos,Anos Iniciais,matriculas_eja_publica,float64,38990,33420,5570,14.285714285714285,3216,True,False
Painéis integrados completos,Anos Iniciais,matriculas_educacao_especial_publica,float64,38990,33420,5570,14.285714285714285,1682,True,False
Painéis integrados completos,Anos Iniciais,docentes_basica_publica,float64,38990,33420,5570,14.285714285714285,2459,True,False
Painéis integrados completos,Anos Iniciais,docentes_anos_iniciais_publica,float64,38990,33420,5570,14.285714285714285,1194,True,False
Painéis integrados completos,Anos Iniciais,docentes_anos_finais_publica,float64,38990,33420,5570,14.285714285714285,1297,True,False
Painéis integrados completos,Anos Iniciais,docentes_ensino_medio_publica,float64,38990,33420,5570,14.285714285714285,1101,True,False
Painéis integrados completos,Anos Iniciais,docentes_eja_publica,float64,38990,33420,5570,14.285714285714285,681,True,False
Painéis integrados completos,Anos Iniciais,docentes_educacao_especial_publica,float64,38990,33420,5570,14.285714285714285,1880,True,False
Painéis integrados completos,Anos Iniciais,turmas_basica_publica,float64,38990,33420,5570,14.285714285714285,2077,True,False
Painéis integrados completos,Anos Iniciais,turmas_anos_iniciais_publica,float64,38990,33420,5570,14.285714285714285,1067,True,False
Painéis integrados completos,Anos Iniciais,turmas_anos_finais_publica,float64,38990,33420,5570,14.285714285714285,899,True,False
Painéis integrados completos,Anos Iniciais,turmas_ensino_medio_publica,float64,38990,33420,5570,14.285714285714285,682,True,False
Painéis integrados completos,Anos Iniciais,turmas_eja_publica,float64,38990,33420,5570,14.285714285714285,462,True,False
Painéis integrados completos,Anos Iniciais,turmas_educacao_especial_publica,float64,38990,33420,5570,14.285714285714285,1219,True,False
Painéis integrados completos,Anos Iniciais,salas_existentes_publica,float64,38990,27850,11140,28.57142857142857,1164,True,False
Painéis integrados completos,Anos Iniciais,salas_utilizadas_publica,int64,38990,38990,0,0.0,1676,True,False
Painéis integrados completos,Anos Iniciais,salas_utilizadas_dentro_publica,int64,38990,38990,0,0.0,1317,True,False
Painéis integrados completos,Anos Iniciais,salas_utilizadas_fora_publica,int64,38990,38990,0,0.0,272,True,False
Painéis integrados completos,Anos Iniciais,salas_utilizadas_climatizadas_publica,int64,38990,38990,0,0.0,741,True,False
Painéis integrados completos,Anos Iniciais,salas_utilizadas_acessiveis_publica,int64,38990,38990,0,0.0,683,True,False
Painéis integrados completos,Anos Iniciais,computadores_aluno_publica,float64,38990,27850,11140,28.57142857142857,1288,True,False
Painéis integrados completos,Anos Iniciais,computadores_administrativo_publica,float64,38990,27850,11140,28.57142857142857,715,True,False
Painéis integrados completos,Anos Iniciais,media_alunos_por_turma_basica_publica,float64,38990,33420,5570,14.285714285714285,26737,True,False
Painéis integrados completos,Anos Iniciais,media_alunos_por_docente_basica_publica,float64,38990,33420,5570,14.285714285714285,28848,True,False
Painéis integrados completos,Anos Iniciais,media_docentes_por_escola_publica,float64,38990,33420,5570,14.285714285714285,9293,True,False
Painéis integrados completos,Anos Iniciais,media_turmas_por_escola_publica,float64,38990,33420,5570,14.285714285714285,8195,True,False
Painéis integrados completos,Anos Iniciais,proporcao_escolas_publicas_com_internet,float64,38990,38990,0,0.0,2551,True,False
Painéis integrados completos,Anos Iniciais,proporcao_escolas_publicas_com_biblioteca,float64,38990,38990,0,0.0,2492,True,False
Painéis integrados completos,Anos Iniciais,proporcao_escolas_publicas_com_lab_informatica,float64,38990,38990,0,0.0,2559,True,False
Painéis integrados completos,Anos Iniciais,proporcao_escolas_publicas_com_banheiro_pne,float64,38990,38990,0,0.0,2646,True,False
Painéis integrados completos,Anos Iniciais,proporcao_escolas_publicas_com_agua_potavel,float64,38990,38990,0,0.0,1042,True,False
Painéis integrados completos,Anos Iniciais,proporcao_escolas_publicas_com_energia_rede_publica,float64,38990,38990,0,0.0,1227,True,False
Painéis integrados completos,Anos Iniciais,proporcao_escolas_publicas_com_esgoto_rede_publica,float64,38990,38990,0,0.0,2493,True,False
Painéis integrados completos,Anos Iniciais,tx_distorcao_anos_iniciais,float64,38990,38981,9,0.023082841754295973,500,True,False
Painéis integrados completos,Anos Iniciais,media_had_anos_iniciais,float64,38990,38989,1,0.002564760194921775,78,True,False
Painéis integrados completos,Anos Iniciais,media_atu_anos_iniciais,float64,38990,38989,1,0.002564760194921775,277,True,False
Painéis integrados completos,Anos Iniciais,nivel_1_anos_iniciais,float64,38990,38989,1,0.002564760194921775,1017,True,False
Painéis integrados completos,Anos Iniciais,nivel_2_anos_iniciais,float64,38990,38989,1,0.002564760194921775,648,True,False
Painéis integrados completos,Anos Iniciais,nivel_3_anos_iniciais,float64,38990,38989,1,0.002564760194921775,742,True,False
Painéis integrados completos,Anos Iniciais,nivel_4_anos_iniciais,float64,38990,38989,1,0.002564760194921775,607,True,False
Painéis integrados completos,Anos Iniciais,nivel_5_anos_iniciais,float64,38990,38989,1,0.002564760194921775,216,True,False
Painéis integrados completos,Anos Iniciais,nivel_6_anos_iniciais,float64,38990,38989,1,0.002564760194921775,191,True,False
Painéis integrados completos,Anos Iniciais,grupo_1_anos_iniciais,float64,38990,38977,13,0.033341882533983076,997,True,False
Painéis integrados completos,Anos Iniciais,grupo_2_anos_iniciais,float64,38990,38977,13,0.033341882533983076,350,True,False
Painéis integrados completos,Anos Iniciais,grupo_3_anos_iniciais,float64,38990,38977,13,0.033341882533983076,652,True,False
Painéis integrados completos,Anos Iniciais,grupo_4_anos_iniciais,float64,38990,38977,13,0.033341882533983076,430,True,False
Painéis integrados completos,Anos Iniciais,grupo_5_anos_iniciais,float64,38990,38977,13,0.033341882533983076,1043,True,False
Painéis integrados completos,Anos Finais,ano,Int64,38990,38990,0,0.0,7,True,True
Painéis integrados completos,Anos Finais,sigla_uf,string,38990,38990,0,0.0,27,False,True
Painéis integrados completos,Anos Finais,cod_municipio,Int64,38990,38990,0,0.0,5570,True,True
Painéis integrados completos,Anos Finais,nome_municipio,object,38990,38990,0,0.0,10619,False,True
Painéis integrados completos,Anos Finais,ideb_anos_finais,float64,38990,37055,1935,4.962810977173635,77,True,False
Painéis integrados completos,Anos Finais,taxa_aprovacao_anos_finais,float64,38990,38535,455,1.1669658886894074,491,True,False
Painéis integrados completos,Anos Finais,indicador_rendimento_anos_finais,float64,38990,38535,455,1.1669658886894074,31343,True,False
Painéis integrados completos,Anos Finais,nota_media_padronizada_anos_finais,float64,38990,37056,1934,4.960246216978712,13563,True,False
Painéis integrados completos,Anos Finais,nota_matematica_saeb_anos_finais,float64,38990,37034,1956,5.016670941266992,8475,True,False
Painéis integrados completos,Anos Finais,nota_portugues_saeb_anos_finais,float64,38990,37034,1956,5.016670941266992,7998,True,False
Painéis integrados completos,Anos Finais,populacao,int64,38990,38990,0,0.0,24232,True,False
Painéis integrados completos,Anos Finais,pib,float64,38990,38990,0,0.0,38986,True,False
Painéis integrados completos,Anos Finais,pib_per_capita,float64,38990,38990,0,0.0,38990,True,False
Painéis integrados completos,Anos Finais,origem_pib,object,38990,38990,0,0.0,2,False,False
Painéis integrados completos,Anos Finais,bpc_beneficiarios_pcd,float64,38990,38985,5,0.012823800974608873,3130,True,False
Painéis integrados completos,Anos Finais,bpc_beneficiarios_idosos,float64,38990,38985,5,0.012823800974608873,2759,True,False
Painéis integrados completos,Anos Finais,bpc_beneficiarios_total,float64,38990,38917,73,0.18722749422928955,4277,True,False
Painéis integrados completos,Anos Finais,bpc_valor_pcd,float64,38990,38990,0,0.0,37951,True,False
Painéis integrados completos,Anos Finais,bpc_valor_idosos,float64,38990,38990,0,0.0,35214,True,False
Painéis integrados completos,Anos Finais,bpc_valor_total,float64,38990,38926,64,0.1641446524749936,38430,True,False
Painéis integrados completos,Anos Finais,bolsa_familia_beneficiarios,float64,38990,38989,1,0.002564760194921775,8363,True,False
Painéis integrados completos,Anos Finais,vacas_ordenhadas_cabecas,float64,38990,38509,481,1.2336496537573736,9610,True,False
Painéis integrados completos,Anos Finais,efetivo_bovino_cabecas,float64,38990,38741,249,0.6386252885355219,25915,True,False
Painéis integrados completos,Anos Finais,efetivo_bubalino_cabecas,float64,38990,18817,20173,51.73890741215696,1994,True,False
Painéis integrados completos,Anos Finais,efetivo_caprino_cabecas,float64,38990,35505,3485,8.938189279302385,5916,True,False
Painéis integrados completos,Anos Finais,efetivo_codornas_cabecas,float64,38990,6872,32118,82.37496794049757,1745,True,False
Painéis integrados completos,Anos Finais,efetivo_equino_cabecas,float64,38990,38580,410,1.0515516799179276,5499,True,False
Painéis integrados completos,Anos Finais,efetivo_galinaceos_total_cabecas,float64,38990,38313,677,1.7363426519620413,22515,True,False
Painéis integrados completos,Anos Finais,efetivo_ovino_cabecas,float64,38990,37049,1941,4.978199538343165,8817,True,False
Painéis integrados completos,Anos Finais,efetivo_suino_total_cabecas,float64,38990,38338,652,1.672223647088997,11596,True,False
Painéis integrados completos,Anos Finais,valor_producao_total_mil_reais,float64,38990,38692,298,0.7642985380866889,21628,True,False
Painéis integrados completos,Anos Finais,valor_producao_extracao_vegetal_total_mil_reais,float64,38990,24475,14515,37.22749422928956,4650,True,False
Painéis integrados completos,Anos Finais,valor_producao_aquicultura_total_mil_reais,float64,38990,22749,16241,41.654270325724546,4873,True,False
Painéis integrados completos,Anos Finais,area_plantada_destinada_colheita_ha_total,float64,38990,38491,499,1.2798153372659655,19200,True,False
Painéis integrados completos,Anos Finais,area_colhida_ha_total,float64,38990,38453,537,1.377276224672993,19102,True,False
Painéis integrados completos,Anos Finais,valor_producao_mil_reais_total,float64,38990,38453,537,1.377276224672993,28996,True,False
Painéis integrados completos,Anos Finais,origem_agropecuaria,object,38990,38983,7,0.017953321364452424,2,False,False
Painéis integrados completos,Anos Finais,tem_importacao,int64,38990,38990,0,0.0,2,True,False
Painéis integrados completos,Anos Finais,tem_exportacao,int64,38990,38990,0,0.0,2,True,False
Painéis integrados completos,Anos Finais,ird_baixa_regularidade,float64,38990,38990,0,0.0,595,True,False
Painéis integrados completos,Anos Finais,ird_media_baixa,float64,38990,38990,0,0.0,755,True,False
Painéis integrados completos,Anos Finais,ird_media_alta,float64,38990,38990,0,0.0,807,True,False
Painéis integrados completos,Anos Finais,ird_alta,float64,38990,38990,0,0.0,630,True,False
Painéis integrados completos,Anos Finais,nivel_1_complexidade_gestao,float64,38990,38990,0,0.0,721,True,False
Painéis integrados completos,Anos Finais,nivel_2_complexidade_gestao,float64,38990,38990,0,0.0,691,True,False
Painéis integrados completos,Anos Finais,nivel_3_complexidade_gestao,float64,38990,38990,0,0.0,602,True,False
Painéis integrados completos,Anos Finais,nivel_4_complexidade_gestao,float64,38990,38990,0,0.0,481,True,False
Painéis integrados completos,Anos Finais,nivel_5_complexidade_gestao,float64,38990,38990,0,0.0,592,True,False
Painéis integrados completos,Anos Finais,nivel_6_complexidade_gestao,float64,38990,38990,0,0.0,285,True,False
Painéis integrados completos,Anos Finais,qtd_escolas_publicas,int64,38990,38990,0,0.0,383,True,False
Painéis integrados completos,Anos Finais,qtd_escolas_publicas_localizacao_diferenciada,int64,38990,38990,0,0.0,121,True,False
Painéis integrados completos,Anos Finais,qtd_escolas_publicas_infantil,float64,38990,33420,5570,14.285714285714285,239,True,False
Painéis integrados completos,Anos Finais,qtd_escolas_publicas_creche,float64,38990,33420,5570,14.285714285714285,158,True,False
Painéis integrados completos,Anos Finais,qtd_escolas_publicas_pre_escola,float64,38990,33420,5570,14.285714285714285,227,True,False
Painéis integrados completos,Anos Finais,qtd_escolas_publicas_anos_iniciais,float64,38990,33420,5570,14.285714285714285,261,True,False
Painéis integrados completos,Anos Finais,qtd_escolas_publicas_anos_finais,float64,38990,33420,5570,14.285714285714285,204,True,False
Painéis integrados completos,Anos Finais,qtd_escolas_publicas_ensino_medio,float64,38990,33420,5570,14.285714285714285,126,True,False
Painéis integrados completos,Anos Finais,qtd_escolas_publicas_eja,int64,38990,38990,0,0.0,165,True,False
Painéis integrados completos,Anos Finais,qtd_escolas_publicas_educacao_especial,float64,38990,33420,5570,14.285714285714285,323,True,False
Painéis integrados completos,Anos Finais,qtd_escolas_publicas_educacao_especial_classe_comum,float64,38990,33420,5570,14.285714285714285,327,True,False
Painéis integrados completos,Anos Finais,qtd_escolas_publicas_educacao_especial_exclusiva,float64,38990,33420,5570,14.285714285714285,53,True,False
Painéis integrados completos,Anos Finais,qtd_escolas_publicas_com_agua_potavel,int64,38990,38990,0,0.0,312,True,False
Painéis integrados completos,Anos Finais,qtd_escolas_publicas_com_agua_rede_publica,int64,38990,38990,0,0.0,346,True,False
Painéis integrados completos,Anos Finais,qtd_escolas_publicas_com_energia_rede_publica,int64,38990,38990,0,0.0,374,True,False
Painéis integrados completos,Anos Finais,qtd_escolas_publicas_com_esgoto_rede_publica,int64,38990,38990,0,0.0,309,True,False
Painéis integrados completos,Anos Finais,qtd_escolas_publicas_com_banheiro,int64,38990,38990,0,0.0,314,True,False
Painéis integrados completos,Anos Finais,qtd_escolas_publicas_com_banheiro_pne,int64,38990,38990,0,0.0,273,True,False
Painéis integrados completos,Anos Finais,qtd_escolas_publicas_com_biblioteca,int64,38990,38990,0,0.0,241,True,False
Painéis integrados completos,Anos Finais,qtd_escolas_publicas_com_sala_leitura,int64,38990,38990,0,0.0,190,True,False
Painéis integrados completos,Anos Finais,qtd_escolas_publicas_com_lab_ciencias,int64,38990,38990,0,0.0,135,True,False
Painéis integrados completos,Anos Finais,qtd_escolas_publicas_com_lab_informatica,int64,38990,38990,0,0.0,245,True,False
Painéis integrados completos,Anos Finais,qtd_escolas_publicas_com_quadra_esportes,int64,38990,38990,0,0.0,254,True,False
Painéis integrados completos,Anos Finais,qtd_escolas_publicas_com_quadra_esportes_coberta,int64,38990,38990,0,0.0,202,True,False
Painéis integrados completos,Anos Finais,qtd_escolas_publicas_com_refeitorio,int64,38990,38990,0,0.0,290,True,False
Painéis integrados completos,Anos Finais,qtd_escolas_publicas_com_cozinha,int64,38990,38990,0,0.0,376,True,False
Painéis integrados completos,Anos Finais,qtd_escolas_publicas_com_internet,int64,38990,38990,0,0.0,348,True,False
Painéis integrados completos,Anos Finais,qtd_escolas_publicas_com_internet_alunos,int64,38990,38990,0,0.0,191,True,False
Painéis integrados completos,Anos Finais,qtd_escolas_publicas_com_internet_administrativo,int64,38990,38990,0,0.0,300,True,False
Painéis integrados completos,Anos Finais,qtd_escolas_publicas_com_computador,int64,38990,38990,0,0.0,361,True,False
Painéis integrados completos,Anos Finais,qtd_escolas_publicas_com_dependencias_pne,float64,38990,27850,11140,28.57142857142857,156,True,False
Painéis integrados completos,Anos Finais,qtd_escolas_publicas_com_acessibilidade_rampas,int64,38990,38990,0,0.0,228,True,False
Painéis integrados completos,Anos Finais,qtd_escolas_publicas_com_acessibilidade_corrimao,int64,38990,38990,0,0.0,171,True,False
Painéis integrados completos,Anos Finais,qtd_escolas_publicas_com_acessibilidade_pisos_tateis,int64,38990,38990,0,0.0,104,True,False
Painéis integrados completos,Anos Finais,qtd_escolas_publicas_com_acessibilidade_vao_livre,int64,38990,38990,0,0.0,196,True,False
Painéis integrados completos,Anos Finais,qtd_escolas_publicas_sem_acessibilidade,int64,38990,38990,0,0.0,189,True,False
Painéis integrados completos,Anos Finais,matriculas_basica_publica,float64,38990,33420,5570,14.285714285714285,11838,True,False
Painéis integrados completos,Anos Finais,matriculas_anos_iniciais_publica,float64,38990,33420,5570,14.285714285714285,6498,True,False
Painéis integrados completos,Anos Finais,matriculas_anos_finais_publica,float64,38990,33420,5570,14.285714285714285,5825,True,False
Painéis integrados completos,Anos Finais,matriculas_ensino_medio_publica,float64,38990,33420,5570,14.285714285714285,4599,True,False
Painéis integrados completos,Anos Finais,matriculas_eja_publica,float64,38990,33420,5570,14.285714285714285,3216,True,False
Painéis integrados completos,Anos Finais,matriculas_educacao_especial_publica,float64,38990,33420,5570,14.285714285714285,1682,True,False
Painéis integrados completos,Anos Finais,docentes_basica_publica,float64,38990,33420,5570,14.285714285714285,2459,True,False
Painéis integrados completos,Anos Finais,docentes_anos_iniciais_publica,float64,38990,33420,5570,14.285714285714285,1194,True,False
Painéis integrados completos,Anos Finais,docentes_anos_finais_publica,float64,38990,33420,5570,14.285714285714285,1297,True,False
Painéis integrados completos,Anos Finais,docentes_ensino_medio_publica,float64,38990,33420,5570,14.285714285714285,1101,True,False
Painéis integrados completos,Anos Finais,docentes_eja_publica,float64,38990,33420,5570,14.285714285714285,681,True,False
Painéis integrados completos,Anos Finais,docentes_educacao_especial_publica,float64,38990,33420,5570,14.285714285714285,1880,True,False
Painéis integrados completos,Anos Finais,turmas_basica_publica,float64,38990,33420,5570,14.285714285714285,2077,True,False
Painéis integrados completos,Anos Finais,turmas_anos_iniciais_publica,float64,38990,33420,5570,14.285714285714285,1067,True,False
Painéis integrados completos,Anos Finais,turmas_anos_finais_publica,float64,38990,33420,5570,14.285714285714285,899,True,False
Painéis integrados completos,Anos Finais,turmas_ensino_medio_publica,float64,38990,33420,5570,14.285714285714285,682,True,False
Painéis integrados completos,Anos Finais,turmas_eja_publica,float64,38990,33420,5570,14.285714285714285,462,True,False
Painéis integrados completos,Anos Finais,turmas_educacao_especial_publica,float64,38990,33420,5570,14.285714285714285,1219,True,False
Painéis integrados completos,Anos Finais,salas_existentes_publica,float64,38990,27850,11140,28.57142857142857,1164,True,False
Painéis integrados completos,Anos Finais,salas_utilizadas_publica,int64,38990,38990,0,0.0,1676,True,False
Painéis integrados completos,Anos Finais,salas_utilizadas_dentro_publica,int64,38990,38990,0,0.0,1317,True,False
Painéis integrados completos,Anos Finais,salas_utilizadas_fora_publica,int64,38990,38990,0,0.0,272,True,False
Painéis integrados completos,Anos Finais,salas_utilizadas_climatizadas_publica,int64,38990,38990,0,0.0,741,True,False
Painéis integrados completos,Anos Finais,salas_utilizadas_acessiveis_publica,int64,38990,38990,0,0.0,683,True,False
Painéis integrados completos,Anos Finais,computadores_aluno_publica,float64,38990,27850,11140,28.57142857142857,1288,True,False
Painéis integrados completos,Anos Finais,computadores_administrativo_publica,float64,38990,27850,11140,28.57142857142857,715,True,False
Painéis integrados completos,Anos Finais,media_alunos_por_turma_basica_publica,float64,38990,33420,5570,14.285714285714285,26737,True,False
Painéis integrados completos,Anos Finais,media_alunos_por_docente_basica_publica,float64,38990,33420,5570,14.285714285714285,28848,True,False
Painéis integrados completos,Anos Finais,media_docentes_por_escola_publica,float64,38990,33420,5570,14.285714285714285,9293,True,False
Painéis integrados completos,Anos Finais,media_turmas_por_escola_publica,float64,38990,33420,5570,14.285714285714285,8195,True,False
Painéis integrados completos,Anos Finais,proporcao_escolas_publicas_com_internet,float64,38990,38990,0,0.0,2551,True,False
Painéis integrados completos,Anos Finais,proporcao_escolas_publicas_com_biblioteca,float64,38990,38990,0,0.0,2492,True,False
Painéis integrados completos,Anos Finais,proporcao_escolas_publicas_com_lab_informatica,float64,38990,38990,0,0.0,2559,True,False
Painéis integrados completos,Anos Finais,proporcao_escolas_publicas_com_banheiro_pne,float64,38990,38990,0,0.0,2646,True,False
Painéis integrados completos,Anos Finais,proporcao_escolas_publicas_com_agua_potavel,float64,38990,38990,0,0.0,1042,True,False
Painéis integrados completos,Anos Finais,proporcao_escolas_publicas_com_energia_rede_publica,float64,38990,38990,0,0.0,1227,True,False
Painéis integrados completos,Anos Finais,proporcao_escolas_publicas_com_esgoto_rede_publica,float64,38990,38990,0,0.0,2493,True,False
Painéis integrados completos,Anos Finais,tx_distorcao_anos_finais,float64,38990,38989,1,0.002564760194921775,704,True,False
Painéis integrados completos,Anos Finais,media_had_anos_finais,float64,38990,38989,1,0.002564760194921775,73,True,False
Painéis integrados completos,Anos Finais,media_atu_anos_finais,float64,38990,38989,1,0.002564760194921775,365,True,False
Painéis integrados completos,Anos Finais,nivel_1_anos_finais,float64,38990,38990,0,0.0,560,True,False
Painéis integrados completos,Anos Finais,nivel_2_anos_finais,float64,38990,38990,0,0.0,680,True,False
Painéis integrados completos,Anos Finais,nivel_3_anos_finais,float64,38990,38990,0,0.0,752,True,False
Painéis integrados completos,Anos Finais,nivel_4_anos_finais,float64,38990,38990,0,0.0,762,True,False
Painéis integrados completos,Anos Finais,nivel_5_anos_finais,float64,38990,38990,0,0.0,443,True,False
Painéis integrados completos,Anos Finais,nivel_6_anos_finais,float64,38990,38990,0,0.0,390,True,False
Painéis integrados completos,Anos Finais,grupo_1_anos_finais,float64,38990,38990,0,0.0,981,True,False
Painéis integrados completos,Anos Finais,grupo_2_anos_finais,float64,38990,38990,0,0.0,401,True,False
Painéis integrados completos,Anos Finais,grupo_3_anos_finais,float64,38990,38990,0,0.0,848,True,False
Painéis integrados completos,Anos Finais,grupo_4_anos_finais,float64,38990,38990,0,0.0,377,True,False
Painéis integrados completos,Anos Finais,grupo_5_anos_finais,float64,38990,38990,0,0.0,910,True,False
Painéis integrados completos,Ensino Médio,ano,Int64,38990,38990,0,0.0,7,True,True
Painéis integrados completos,Ensino Médio,sigla_uf,string,38990,38990,0,0.0,27,False,True
Painéis integrados completos,Ensino Médio,cod_municipio,Int64,38990,38990,0,0.0,5570,True,True
Painéis integrados completos,Ensino Médio,nome_municipio,object,38990,38990,0,0.0,10619,False,True
Painéis integrados completos,Ensino Médio,ideb_ensino_medio,float64,38990,23920,15070,38.65093613747115,57,True,False
Painéis integrados completos,Ensino Médio,taxa_aprovacao_ensino_medio,float64,38990,27349,11641,29.856373429084382,496,True,False
Painéis integrados completos,Ensino Médio,indicador_rendimento_ensino_medio,float64,38990,27349,11641,29.856373429084382,21682,True,False
Painéis integrados completos,Ensino Médio,nota_media_padronizada_ensino_medio,float64,38990,23920,15070,38.65093613747115,23735,True,False
Painéis integrados completos,Ensino Médio,nota_matematica_saeb_ensino_medio,float64,38990,23920,15070,38.65093613747115,7784,True,False
Painéis integrados completos,Ensino Médio,nota_portugues_saeb_ensino_medio,float64,38990,23920,15070,38.65093613747115,7433,True,False
Painéis integrados completos,Ensino Médio,populacao,int64,38990,38990,0,0.0,24232,True,False
Painéis integrados completos,Ensino Médio,pib,float64,38990,38990,0,0.0,38986,True,False
Painéis integrados completos,Ensino Médio,pib_per_capita,float64,38990,38990,0,0.0,38990,True,False
Painéis integrados completos,Ensino Médio,origem_pib,object,38990,38990,0,0.0,2,False,False
Painéis integrados completos,Ensino Médio,bpc_beneficiarios_pcd,float64,38990,38985,5,0.012823800974608873,3130,True,False
Painéis integrados completos,Ensino Médio,bpc_beneficiarios_idosos,float64,38990,38985,5,0.012823800974608873,2759,True,False
Painéis integrados completos,Ensino Médio,bpc_beneficiarios_total,float64,38990,38917,73,0.18722749422928955,4277,True,False
Painéis integrados completos,Ensino Médio,bpc_valor_pcd,float64,38990,38990,0,0.0,37951,True,False
Painéis integrados completos,Ensino Médio,bpc_valor_idosos,float64,38990,38990,0,0.0,35214,True,False
Painéis integrados completos,Ensino Médio,bpc_valor_total,float64,38990,38926,64,0.1641446524749936,38430,True,False
Painéis integrados completos,Ensino Médio,bolsa_familia_beneficiarios,float64,38990,38989,1,0.002564760194921775,8363,True,False
Painéis integrados completos,Ensino Médio,vacas_ordenhadas_cabecas,float64,38990,38509,481,1.2336496537573736,9610,True,False
Painéis integrados completos,Ensino Médio,efetivo_bovino_cabecas,float64,38990,38741,249,0.6386252885355219,25915,True,False
Painéis integrados completos,Ensino Médio,efetivo_bubalino_cabecas,float64,38990,18817,20173,51.73890741215696,1994,True,False
Painéis integrados completos,Ensino Médio,efetivo_caprino_cabecas,float64,38990,35505,3485,8.938189279302385,5916,True,False
Painéis integrados completos,Ensino Médio,efetivo_codornas_cabecas,float64,38990,6872,32118,82.37496794049757,1745,True,False
Painéis integrados completos,Ensino Médio,efetivo_equino_cabecas,float64,38990,38580,410,1.0515516799179276,5499,True,False
Painéis integrados completos,Ensino Médio,efetivo_galinaceos_total_cabecas,float64,38990,38313,677,1.7363426519620413,22515,True,False
Painéis integrados completos,Ensino Médio,efetivo_ovino_cabecas,float64,38990,37049,1941,4.978199538343165,8817,True,False
Painéis integrados completos,Ensino Médio,efetivo_suino_total_cabecas,float64,38990,38338,652,1.672223647088997,11596,True,False
Painéis integrados completos,Ensino Médio,valor_producao_total_mil_reais,float64,38990,38692,298,0.7642985380866889,21628,True,False
Painéis integrados completos,Ensino Médio,valor_producao_extracao_vegetal_total_mil_reais,float64,38990,24475,14515,37.22749422928956,4650,True,False
Painéis integrados completos,Ensino Médio,valor_producao_aquicultura_total_mil_reais,float64,38990,22749,16241,41.654270325724546,4873,True,False
Painéis integrados completos,Ensino Médio,area_plantada_destinada_colheita_ha_total,float64,38990,38491,499,1.2798153372659655,19200,True,False
Painéis integrados completos,Ensino Médio,area_colhida_ha_total,float64,38990,38453,537,1.377276224672993,19102,True,False
Painéis integrados completos,Ensino Médio,valor_producao_mil_reais_total,float64,38990,38453,537,1.377276224672993,28996,True,False
Painéis integrados completos,Ensino Médio,origem_agropecuaria,object,38990,38983,7,0.017953321364452424,2,False,False
Painéis integrados completos,Ensino Médio,tem_importacao,int64,38990,38990,0,0.0,2,True,False
Painéis integrados completos,Ensino Médio,tem_exportacao,int64,38990,38990,0,0.0,2,True,False
Painéis integrados completos,Ensino Médio,ird_baixa_regularidade,float64,38990,38990,0,0.0,595,True,False
Painéis integrados completos,Ensino Médio,ird_media_baixa,float64,38990,38990,0,0.0,755,True,False
Painéis integrados completos,Ensino Médio,ird_media_alta,float64,38990,38990,0,0.0,807,True,False
Painéis integrados completos,Ensino Médio,ird_alta,float64,38990,38990,0,0.0,630,True,False
Painéis integrados completos,Ensino Médio,nivel_1_complexidade_gestao,float64,38990,38990,0,0.0,721,True,False
Painéis integrados completos,Ensino Médio,nivel_2_complexidade_gestao,float64,38990,38990,0,0.0,691,True,False
Painéis integrados completos,Ensino Médio,nivel_3_complexidade_gestao,float64,38990,38990,0,0.0,602,True,False
Painéis integrados completos,Ensino Médio,nivel_4_complexidade_gestao,float64,38990,38990,0,0.0,481,True,False
Painéis integrados completos,Ensino Médio,nivel_5_complexidade_gestao,float64,38990,38990,0,0.0,592,True,False
Painéis integrados completos,Ensino Médio,nivel_6_complexidade_gestao,float64,38990,38990,0,0.0,285,True,False
Painéis integrados completos,Ensino Médio,qtd_escolas_publicas,int64,38990,38990,0,0.0,383,True,False
Painéis integrados completos,Ensino Médio,qtd_escolas_publicas_localizacao_diferenciada,int64,38990,38990,0,0.0,121,True,False
Painéis integrados completos,Ensino Médio,qtd_escolas_publicas_infantil,float64,38990,33420,5570,14.285714285714285,239,True,False
Painéis integrados completos,Ensino Médio,qtd_escolas_publicas_creche,float64,38990,33420,5570,14.285714285714285,158,True,False
Painéis integrados completos,Ensino Médio,qtd_escolas_publicas_pre_escola,float64,38990,33420,5570,14.285714285714285,227,True,False
Painéis integrados completos,Ensino Médio,qtd_escolas_publicas_anos_iniciais,float64,38990,33420,5570,14.285714285714285,261,True,False
Painéis integrados completos,Ensino Médio,qtd_escolas_publicas_anos_finais,float64,38990,33420,5570,14.285714285714285,204,True,False
Painéis integrados completos,Ensino Médio,qtd_escolas_publicas_ensino_medio,float64,38990,33420,5570,14.285714285714285,126,True,False
Painéis integrados completos,Ensino Médio,qtd_escolas_publicas_eja,int64,38990,38990,0,0.0,165,True,False
Painéis integrados completos,Ensino Médio,qtd_escolas_publicas_educacao_especial,float64,38990,33420,5570,14.285714285714285,323,True,False
Painéis integrados completos,Ensino Médio,qtd_escolas_publicas_educacao_especial_classe_comum,float64,38990,33420,5570,14.285714285714285,327,True,False
Painéis integrados completos,Ensino Médio,qtd_escolas_publicas_educacao_especial_exclusiva,float64,38990,33420,5570,14.285714285714285,53,True,False
Painéis integrados completos,Ensino Médio,qtd_escolas_publicas_com_agua_potavel,int64,38990,38990,0,0.0,312,True,False
Painéis integrados completos,Ensino Médio,qtd_escolas_publicas_com_agua_rede_publica,int64,38990,38990,0,0.0,346,True,False
Painéis integrados completos,Ensino Médio,qtd_escolas_publicas_com_energia_rede_publica,int64,38990,38990,0,0.0,374,True,False
Painéis integrados completos,Ensino Médio,qtd_escolas_publicas_com_esgoto_rede_publica,int64,38990,38990,0,0.0,309,True,False
Painéis integrados completos,Ensino Médio,qtd_escolas_publicas_com_banheiro,int64,38990,38990,0,0.0,314,True,False
Painéis integrados completos,Ensino Médio,qtd_escolas_publicas_com_banheiro_pne,int64,38990,38990,0,0.0,273,True,False
Painéis integrados completos,Ensino Médio,qtd_escolas_publicas_com_biblioteca,int64,38990,38990,0,0.0,241,True,False
Painéis integrados completos,Ensino Médio,qtd_escolas_publicas_com_sala_leitura,int64,38990,38990,0,0.0,190,True,False
Painéis integrados completos,Ensino Médio,qtd_escolas_publicas_com_lab_ciencias,int64,38990,38990,0,0.0,135,True,False
Painéis integrados completos,Ensino Médio,qtd_escolas_publicas_com_lab_informatica,int64,38990,38990,0,0.0,245,True,False
Painéis integrados completos,Ensino Médio,qtd_escolas_publicas_com_quadra_esportes,int64,38990,38990,0,0.0,254,True,False
Painéis integrados completos,Ensino Médio,qtd_escolas_publicas_com_quadra_esportes_coberta,int64,38990,38990,0,0.0,202,True,False
Painéis integrados completos,Ensino Médio,qtd_escolas_publicas_com_refeitorio,int64,38990,38990,0,0.0,290,True,False
Painéis integrados completos,Ensino Médio,qtd_escolas_publicas_com_cozinha,int64,38990,38990,0,0.0,376,True,False
Painéis integrados completos,Ensino Médio,qtd_escolas_publicas_com_internet,int64,38990,38990,0,0.0,348,True,False
Painéis integrados completos,Ensino Médio,qtd_escolas_publicas_com_internet_alunos,int64,38990,38990,0,0.0,191,True,False
Painéis integrados completos,Ensino Médio,qtd_escolas_publicas_com_internet_administrativo,int64,38990,38990,0,0.0,300,True,False
Painéis integrados completos,Ensino Médio,qtd_escolas_publicas_com_computador,int64,38990,38990,0,0.0,361,True,False
Painéis integrados completos,Ensino Médio,qtd_escolas_publicas_com_dependencias_pne,float64,38990,27850,11140,28.57142857142857,156,True,False
Painéis integrados completos,Ensino Médio,qtd_escolas_publicas_com_acessibilidade_rampas,int64,38990,38990,0,0.0,228,True,False
Painéis integrados completos,Ensino Médio,qtd_escolas_publicas_com_acessibilidade_corrimao,int64,38990,38990,0,0.0,171,True,False
Painéis integrados completos,Ensino Médio,qtd_escolas_publicas_com_acessibilidade_pisos_tateis,int64,38990,38990,0,0.0,104,True,False
Painéis integrados completos,Ensino Médio,qtd_escolas_publicas_com_acessibilidade_vao_livre,int64,38990,38990,0,0.0,196,True,False
Painéis integrados completos,Ensino Médio,qtd_escolas_publicas_sem_acessibilidade,int64,38990,38990,0,0.0,189,True,False
Painéis integrados completos,Ensino Médio,matriculas_basica_publica,float64,38990,33420,5570,14.285714285714285,11838,True,False
Painéis integrados completos,Ensino Médio,matriculas_anos_iniciais_publica,float64,38990,33420,5570,14.285714285714285,6498,True,False
Painéis integrados completos,Ensino Médio,matriculas_anos_finais_publica,float64,38990,33420,5570,14.285714285714285,5825,True,False
Painéis integrados completos,Ensino Médio,matriculas_ensino_medio_publica,float64,38990,33420,5570,14.285714285714285,4599,True,False
Painéis integrados completos,Ensino Médio,matriculas_eja_publica,float64,38990,33420,5570,14.285714285714285,3216,True,False
Painéis integrados completos,Ensino Médio,matriculas_educacao_especial_publica,float64,38990,33420,5570,14.285714285714285,1682,True,False
Painéis integrados completos,Ensino Médio,docentes_basica_publica,float64,38990,33420,5570,14.285714285714285,2459,True,False
Painéis integrados completos,Ensino Médio,docentes_anos_iniciais_publica,float64,38990,33420,5570,14.285714285714285,1194,True,False
Painéis integrados completos,Ensino Médio,docentes_anos_finais_publica,float64,38990,33420,5570,14.285714285714285,1297,True,False
Painéis integrados completos,Ensino Médio,docentes_ensino_medio_publica,float64,38990,33420,5570,14.285714285714285,1101,True,False
Painéis integrados completos,Ensino Médio,docentes_eja_publica,float64,38990,33420,5570,14.285714285714285,681,True,False
Painéis integrados completos,Ensino Médio,docentes_educacao_especial_publica,float64,38990,33420,5570,14.285714285714285,1880,True,False
Painéis integrados completos,Ensino Médio,turmas_basica_publica,float64,38990,33420,5570,14.285714285714285,2077,True,False
Painéis integrados completos,Ensino Médio,turmas_anos_iniciais_publica,float64,38990,33420,5570,14.285714285714285,1067,True,False
Painéis integrados completos,Ensino Médio,turmas_anos_finais_publica,float64,38990,33420,5570,14.285714285714285,899,True,False
Painéis integrados completos,Ensino Médio,turmas_ensino_medio_publica,float64,38990,33420,5570,14.285714285714285,682,True,False
Painéis integrados completos,Ensino Médio,turmas_eja_publica,float64,38990,33420,5570,14.285714285714285,462,True,False
Painéis integrados completos,Ensino Médio,turmas_educacao_especial_publica,float64,38990,33420,5570,14.285714285714285,1219,True,False
Painéis integrados completos,Ensino Médio,salas_existentes_publica,float64,38990,27850,11140,28.57142857142857,1164,True,False
Painéis integrados completos,Ensino Médio,salas_utilizadas_publica,int64,38990,38990,0,0.0,1676,True,False
Painéis integrados completos,Ensino Médio,salas_utilizadas_dentro_publica,int64,38990,38990,0,0.0,1317,True,False
Painéis integrados completos,Ensino Médio,salas_utilizadas_fora_publica,int64,38990,38990,0,0.0,272,True,False
Painéis integrados completos,Ensino Médio,salas_utilizadas_climatizadas_publica,int64,38990,38990,0,0.0,741,True,False
Painéis integrados completos,Ensino Médio,salas_utilizadas_acessiveis_publica,int64,38990,38990,0,0.0,683,True,False
Painéis integrados completos,Ensino Médio,computadores_aluno_publica,float64,38990,27850,11140,28.57142857142857,1288,True,False
Painéis integrados completos,Ensino Médio,computadores_administrativo_publica,float64,38990,27850,11140,28.57142857142857,715,True,False
Painéis integrados completos,Ensino Médio,media_alunos_por_turma_basica_publica,float64,38990,33420,5570,14.285714285714285,26737,True,False
Painéis integrados completos,Ensino Médio,media_alunos_por_docente_basica_publica,float64,38990,33420,5570,14.285714285714285,28848,True,False
Painéis integrados completos,Ensino Médio,media_docentes_por_escola_publica,float64,38990,33420,5570,14.285714285714285,9293,True,False
Painéis integrados completos,Ensino Médio,media_turmas_por_escola_publica,float64,38990,33420,5570,14.285714285714285,8195,True,False
Painéis integrados completos,Ensino Médio,proporcao_escolas_publicas_com_internet,float64,38990,38990,0,0.0,2551,True,False
Painéis integrados completos,Ensino Médio,proporcao_escolas_publicas_com_biblioteca,float64,38990,38990,0,0.0,2492,True,False
Painéis integrados completos,Ensino Médio,proporcao_escolas_publicas_com_lab_informatica,float64,38990,38990,0,0.0,2559,True,False
Painéis integrados completos,Ensino Médio,proporcao_escolas_publicas_com_banheiro_pne,float64,38990,38990,0,0.0,2646,True,False
Painéis integrados completos,Ensino Médio,proporcao_escolas_publicas_com_agua_potavel,float64,38990,38990,0,0.0,1042,True,False
Painéis integrados completos,Ensino Médio,proporcao_escolas_publicas_com_energia_rede_publica,float64,38990,38990,0,0.0,1227,True,False
Painéis integrados completos,Ensino Médio,proporcao_escolas_publicas_com_esgoto_rede_publica,float64,38990,38990,0,0.0,2493,True,False
Painéis integrados completos,Ensino Médio,tx_distorcao_ensino_medio,float64,38990,38924,66,0.16927417286483715,762,True,False
Painéis integrados completos,Ensino Médio,media_had_ensino_medio,float64,38990,38928,62,0.15901513208515006,90,True,False
Painéis integrados completos,Ensino Médio,media_atu_ensino_medio,float64,38990,38928,62,0.15901513208515006,428,True,False
Painéis integrados completos,Ensino Médio,nivel_1_ensino_medio,float64,38990,38928,62,0.15901513208515006,297,True,False
Painéis integrados completos,Ensino Médio,nivel_2_ensino_medio,float64,38990,38928,62,0.15901513208515006,555,True,False
Painéis integrados completos,Ensino Médio,nivel_3_ensino_medio,float64,38990,38928,62,0.15901513208515006,764,True,False
Painéis integrados completos,Ensino Médio,nivel_4_ensino_medio,float64,38990,38928,62,0.15901513208515006,798,True,False
Painéis integrados completos,Ensino Médio,nivel_5_ensino_medio,float64,38990,38928,62,0.15901513208515006,575,True,False
Painéis integrados completos,Ensino Médio,nivel_6_ensino_medio,float64,38990,38928,62,0.15901513208515006,523,True,False
Painéis integrados completos,Ensino Médio,grupo_1_ensino_medio,float64,38990,38928,62,0.15901513208515006,956,True,False
Painéis integrados completos,Ensino Médio,grupo_2_ensino_medio,float64,38990,38928,62,0.15901513208515006,421,True,False
Painéis integrados completos,Ensino Médio,grupo_3_ensino_medio,float64,38990,38928,62,0.15901513208515006,820,True,False
Painéis integrados completos,Ensino Médio,grupo_4_ensino_medio,float64,38990,38928,62,0.15901513208515006,514,True,False
Painéis integrados completos,Ensino Médio,grupo_5_ensino_medio,float64,38990,38928,62,0.15901513208515006,658,True,False
Bases analíticas,Anos Iniciais,ano,Int64,37460,37460,0,0.0,7,True,True
Bases analíticas,Anos Iniciais,sigla_uf,string,37460,37460,0,0.0,27,False,True
Bases analíticas,Anos Iniciais,cod_municipio,Int64,37460,37460,0,0.0,5551,True,True
Bases analíticas,Anos Iniciais,nome_municipio,object,37460,37460,0,0.0,10348,False,True
Bases analíticas,Anos Iniciais,ideb_anos_iniciais,float64,37460,37460,0,0.0,78,True,False
Bases analíticas,Anos Iniciais,populacao,int64,37460,37460,0,0.0,23915,True,False
Bases analíticas,Anos Iniciais,pib,float64,37460,37460,0,0.0,37456,True,False
Bases analíticas,Anos Iniciais,pib_per_capita,float64,37460,37460,0,0.0,37460,True,False
Bases analíticas,Anos Iniciais,origem_pib,object,37460,37460,0,0.0,2,False,False
Bases analíticas,Anos Iniciais,bpc_beneficiarios_pcd,float64,37460,37457,3,0.00800854244527496,3123,True,False
Bases analíticas,Anos Iniciais,bpc_beneficiarios_idosos,float64,37460,37457,3,0.00800854244527496,2753,True,False
Bases analíticas,Anos Iniciais,bpc_beneficiarios_total,float64,37460,37410,50,0.13347570742124934,4269,True,False
Bases analíticas,Anos Iniciais,bpc_valor_pcd,float64,37460,37460,0,0.0,36682,True,False
Bases analíticas,Anos Iniciais,bpc_valor_idosos,float64,37460,37460,0,0.0,34320,True,False
Bases analíticas,Anos Iniciais,bpc_valor_total,float64,37460,37416,44,0.11745862253069943,37066,True,False
Bases analíticas,Anos Iniciais,bolsa_familia_beneficiarios,float64,37460,37459,1,0.0026695141484249867,8345,True,False
Bases analíticas,Anos Iniciais,vacas_ordenhadas_cabecas,float64,37460,36981,479,1.2786972770955685,9509,True,False
Bases analíticas,Anos Iniciais,efetivo_bovino_cabecas,float64,37460,37212,248,0.6620395088093968,25272,True,False
Bases analíticas,Anos Iniciais,efetivo_bubalino_cabecas,float64,37460,18246,19214,51.292044847837694,1972,True,False
Bases analíticas,Anos Iniciais,efetivo_caprino_cabecas,float64,37460,34146,3314,8.846769887880406,5826,True,False
Bases analíticas,Anos Iniciais,efetivo_codornas_cabecas,float64,37460,6549,30911,82.51735184196475,1722,True,False
Bases analíticas,Anos Iniciais,efetivo_equino_cabecas,float64,37460,37055,405,1.0811532301121196,5456,True,False
Bases analíticas,Anos Iniciais,efetivo_galinaceos_total_cabecas,float64,37460,36788,672,1.7939135077415909,21817,True,False
Bases analíticas,Anos Iniciais,efetivo_ovino_cabecas,float64,37460,35596,1864,4.975974372664175,8679,True,False
Bases analíticas,Anos Iniciais,efetivo_suino_total_cabecas,float64,37460,36816,644,1.7191671115856912,11314,True,False
Bases analíticas,Anos Iniciais,valor_producao_total_mil_reais,float64,37460,37164,296,0.7901761879337961,21175,True,False
Bases analíticas,Anos Iniciais,valor_producao_extracao_vegetal_total_mil_reais,float64,37460,23377,14083,37.594767752269085,4585,True,False
Bases analíticas,Anos Iniciais,valor_producao_aquicultura_total_mil_reais,float64,37460,21733,15727,41.98344901227976,4813,True,False
Bases analíticas,Anos Iniciais,area_plantada_destinada_colheita_ha_total,float64,37460,36966,494,1.3187399893219436,18836,True,False
Bases analíticas,Anos Iniciais,area_colhida_ha_total,float64,37460,36930,530,1.414842498665243,18715,True,False
Bases analíticas,Anos Iniciais,valor_producao_mil_reais_total,float64,37460,36930,530,1.414842498665243,28113,True,False
Bases analíticas,Anos Iniciais,origem_agropecuaria,object,37460,37453,7,0.018686599038974905,2,False,False
Bases analíticas,Anos Iniciais,tem_importacao,int64,37460,37460,0,0.0,2,True,False
Bases analíticas,Anos Iniciais,tem_exportacao,int64,37460,37460,0,0.0,2,True,False
Bases analíticas,Anos Iniciais,ird_baixa_regularidade,float64,37460,37460,0,0.0,593,True,False
Bases analíticas,Anos Iniciais,ird_media_baixa,float64,37460,37460,0,0.0,755,True,False
Bases analíticas,Anos Iniciais,ird_media_alta,float64,37460,37460,0,0.0,807,True,False
Bases analíticas,Anos Iniciais,ird_alta,float64,37460,37460,0,0.0,627,True,False
Bases analíticas,Anos Iniciais,nivel_1_complexidade_gestao,float64,37460,37460,0,0.0,716,True,False
Bases analíticas,Anos Iniciais,nivel_2_complexidade_gestao,float64,37460,37460,0,0.0,691,True,False
Bases analíticas,Anos Iniciais,nivel_3_complexidade_gestao,float64,37460,37460,0,0.0,599,True,False
Bases analíticas,Anos Iniciais,nivel_4_complexidade_gestao,float64,37460,37460,0,0.0,481,True,False
Bases analíticas,Anos Iniciais,nivel_5_complexidade_gestao,float64,37460,37460,0,0.0,591,True,False
Bases analíticas,Anos Iniciais,nivel_6_complexidade_gestao,float64,37460,37460,0,0.0,285,True,False
Bases analíticas,Anos Iniciais,qtd_escolas_publicas,int64,37460,37460,0,0.0,380,True,False
Bases analíticas,Anos Iniciais,qtd_escolas_publicas_localizacao_diferenciada,int64,37460,37460,0,0.0,120,True,False
Bases analíticas,Anos Iniciais,qtd_escolas_publicas_infantil,float64,37460,31983,5477,14.620928990923652,238,True,False
Bases analíticas,Anos Iniciais,qtd_escolas_publicas_creche,float64,37460,31983,5477,14.620928990923652,157,True,False
Bases analíticas,Anos Iniciais,qtd_escolas_publicas_pre_escola,float64,37460,31983,5477,14.620928990923652,226,True,False
Bases analíticas,Anos Iniciais,qtd_escolas_publicas_anos_iniciais,float64,37460,31983,5477,14.620928990923652,259,True,False
Bases analíticas,Anos Iniciais,qtd_escolas_publicas_anos_finais,float64,37460,31983,5477,14.620928990923652,203,True,False
Bases analíticas,Anos Iniciais,qtd_escolas_publicas_ensino_medio,float64,37460,31983,5477,14.620928990923652,125,True,False
Bases analíticas,Anos Iniciais,qtd_escolas_publicas_eja,int64,37460,37460,0,0.0,163,True,False
Bases analíticas,Anos Iniciais,qtd_escolas_publicas_educacao_especial,float64,37460,31983,5477,14.620928990923652,322,True,False
Bases analíticas,Anos Iniciais,qtd_escolas_publicas_educacao_especial_classe_comum,float64,37460,31983,5477,14.620928990923652,326,True,False
Bases analíticas,Anos Iniciais,qtd_escolas_publicas_educacao_especial_exclusiva,float64,37460,31983,5477,14.620928990923652,53,True,False
Bases analíticas,Anos Iniciais,qtd_escolas_publicas_com_agua_potavel,int64,37460,37460,0,0.0,310,True,False
Bases analíticas,Anos Iniciais,qtd_escolas_publicas_com_agua_rede_publica,int64,37460,37460,0,0.0,344,True,False
Bases analíticas,Anos Iniciais,qtd_escolas_publicas_com_energia_rede_publica,int64,37460,37460,0,0.0,371,True,False
Bases analíticas,Anos Iniciais,qtd_escolas_publicas_com_esgoto_rede_publica,int64,37460,37460,0,0.0,307,True,False
Bases analíticas,Anos Iniciais,qtd_escolas_publicas_com_banheiro,int64,37460,37460,0,0.0,312,True,False
Bases analíticas,Anos Iniciais,qtd_escolas_publicas_com_banheiro_pne,int64,37460,37460,0,0.0,272,True,False
Bases analíticas,Anos Iniciais,qtd_escolas_publicas_com_biblioteca,int64,37460,37460,0,0.0,241,True,False
Bases analíticas,Anos Iniciais,qtd_escolas_publicas_com_sala_leitura,int64,37460,37460,0,0.0,189,True,False
Bases analíticas,Anos Iniciais,qtd_escolas_publicas_com_lab_ciencias,int64,37460,37460,0,0.0,134,True,False
Bases analíticas,Anos Iniciais,qtd_escolas_publicas_com_lab_informatica,int64,37460,37460,0,0.0,244,True,False
Bases analíticas,Anos Iniciais,qtd_escolas_publicas_com_quadra_esportes,int64,37460,37460,0,0.0,253,True,False
Bases analíticas,Anos Iniciais,qtd_escolas_publicas_com_quadra_esportes_coberta,int64,37460,37460,0,0.0,201,True,False
Bases analíticas,Anos Iniciais,qtd_escolas_publicas_com_refeitorio,int64,37460,37460,0,0.0,289,True,False
Bases analíticas,Anos Iniciais,qtd_escolas_publicas_com_cozinha,int64,37460,37460,0,0.0,374,True,False
Bases analíticas,Anos Iniciais,qtd_escolas_publicas_com_internet,int64,37460,37460,0,0.0,346,True,False
Bases analíticas,Anos Iniciais,qtd_escolas_publicas_com_internet_alunos,int64,37460,37460,0,0.0,191,True,False
Bases analíticas,Anos Iniciais,qtd_escolas_publicas_com_internet_administrativo,int64,37460,37460,0,0.0,298,True,False
Bases analíticas,Anos Iniciais,qtd_escolas_publicas_com_computador,int64,37460,37460,0,0.0,359,True,False
Bases analíticas,Anos Iniciais,qtd_escolas_publicas_com_dependencias_pne,float64,37460,26553,10907,29.11639081687133,155,True,False
Bases analíticas,Anos Iniciais,qtd_escolas_publicas_com_acessibilidade_rampas,int64,37460,37460,0,0.0,228,True,False
Bases analíticas,Anos Iniciais,qtd_escolas_publicas_com_acessibilidade_corrimao,int64,37460,37460,0,0.0,171,True,False
Bases analíticas,Anos Iniciais,qtd_escolas_publicas_com_acessibilidade_pisos_tateis,int64,37460,37460,0,0.0,104,True,False
Bases analíticas,Anos Iniciais,qtd_escolas_publicas_com_acessibilidade_vao_livre,int64,37460,37460,0,0.0,196,True,False
Bases analíticas,Anos Iniciais,qtd_escolas_publicas_sem_acessibilidade,int64,37460,37460,0,0.0,188,True,False
Bases analíticas,Anos Iniciais,matriculas_basica_publica,float64,37460,31983,5477,14.620928990923652,11762,True,False
Bases analíticas,Anos Iniciais,matriculas_anos_iniciais_publica,float64,37460,31983,5477,14.620928990923652,6471,True,False
Bases analíticas,Anos Iniciais,matriculas_anos_finais_publica,float64,37460,31983,5477,14.620928990923652,5804,True,False
Bases analíticas,Anos Iniciais,matriculas_ensino_medio_publica,float64,37460,31983,5477,14.620928990923652,4585,True,False
Bases analíticas,Anos Iniciais,matriculas_eja_publica,float64,37460,31983,5477,14.620928990923652,3206,True,False
Bases analíticas,Anos Iniciais,matriculas_educacao_especial_publica,float64,37460,31983,5477,14.620928990923652,1678,True,False
Bases analíticas,Anos Iniciais,docentes_basica_publica,float64,37460,31983,5477,14.620928990923652,2452,True,False
Bases analíticas,Anos Iniciais,docentes_anos_iniciais_publica,float64,37460,31983,5477,14.620928990923652,1187,True,False
Bases analíticas,Anos Iniciais,docentes_anos_finais_publica,float64,37460,31983,5477,14.620928990923652,1292,True,False
Bases analíticas,Anos Iniciais,docentes_ensino_medio_publica,float64,37460,31983,5477,14.620928990923652,1096,True,False
Bases analíticas,Anos Iniciais,docentes_eja_publica,float64,37460,31983,5477,14.620928990923652,677,True,False
Bases analíticas,Anos Iniciais,docentes_educacao_especial_publica,float64,37460,31983,5477,14.620928990923652,1873,True,False
Bases analíticas,Anos Iniciais,turmas_basica_publica,float64,37460,31983,5477,14.620928990923652,2070,True,False
Bases analíticas,Anos Iniciais,turmas_anos_iniciais_publica,float64,37460,31983,5477,14.620928990923652,1061,True,False
Bases analíticas,Anos Iniciais,turmas_anos_finais_publica,float64,37460,31983,5477,14.620928990923652,896,True,False
Bases analíticas,Anos Iniciais,turmas_ensino_medio_publica,float64,37460,31983,5477,14.620928990923652,679,True,False
Bases analíticas,Anos Iniciais,turmas_eja_publica,float64,37460,31983,5477,14.620928990923652,461,True,False
Bases analíticas,Anos Iniciais,turmas_educacao_especial_publica,float64,37460,31983,5477,14.620928990923652,1215,True,False
Bases analíticas,Anos Iniciais,salas_existentes_publica,float64,37460,26553,10907,29.11639081687133,1161,True,False
Bases analíticas,Anos Iniciais,salas_utilizadas_publica,int64,37460,37460,0,0.0,1673,True,False
Bases analíticas,Anos Iniciais,salas_utilizadas_dentro_publica,int64,37460,37460,0,0.0,1313,True,False
Bases analíticas,Anos Iniciais,salas_utilizadas_fora_publica,int64,37460,37460,0,0.0,268,True,False
Bases analíticas,Anos Iniciais,salas_utilizadas_climatizadas_publica,int64,37460,37460,0,0.0,740,True,False
Bases analíticas,Anos Iniciais,salas_utilizadas_acessiveis_publica,int64,37460,37460,0,0.0,682,True,False
Bases analíticas,Anos Iniciais,computadores_aluno_publica,float64,37460,26553,10907,29.11639081687133,1286,True,False
Bases analíticas,Anos Iniciais,computadores_administrativo_publica,float64,37460,26553,10907,29.11639081687133,714,True,False
Bases analíticas,Anos Iniciais,media_alunos_por_turma_basica_publica,float64,37460,31983,5477,14.620928990923652,25962,True,False
Bases analíticas,Anos Iniciais,media_alunos_por_docente_basica_publica,float64,37460,31983,5477,14.620928990923652,27923,True,False
Bases analíticas,Anos Iniciais,media_docentes_por_escola_publica,float64,37460,31983,5477,14.620928990923652,9204,True,False
Bases analíticas,Anos Iniciais,media_turmas_por_escola_publica,float64,37460,31983,5477,14.620928990923652,8124,True,False
Bases analíticas,Anos Iniciais,proporcao_escolas_publicas_com_internet,float64,37460,37460,0,0.0,2532,True,False
Bases analíticas,Anos Iniciais,proporcao_escolas_publicas_com_biblioteca,float64,37460,37460,0,0.0,2481,True,False
Bases analíticas,Anos Iniciais,proporcao_escolas_publicas_com_lab_informatica,float64,37460,37460,0,0.0,2551,True,False
Bases analíticas,Anos Iniciais,proporcao_escolas_publicas_com_banheiro_pne,float64,37460,37460,0,0.0,2629,True,False
Bases analíticas,Anos Iniciais,proporcao_escolas_publicas_com_agua_potavel,float64,37460,37460,0,0.0,1023,True,False
Bases analíticas,Anos Iniciais,proporcao_escolas_publicas_com_energia_rede_publica,float64,37460,37460,0,0.0,1206,True,False
Bases analíticas,Anos Iniciais,proporcao_escolas_publicas_com_esgoto_rede_publica,float64,37460,37460,0,0.0,2481,True,False
Bases analíticas,Anos Iniciais,tx_distorcao_anos_iniciais,float64,37460,37455,5,0.013347570742124932,497,True,False
Bases analíticas,Anos Iniciais,media_had_anos_iniciais,float64,37460,37460,0,0.0,76,True,False
Bases analíticas,Anos Iniciais,media_atu_anos_iniciais,float64,37460,37460,0,0.0,273,True,False
Bases analíticas,Anos Iniciais,nivel_1_anos_iniciais,float64,37460,37460,0,0.0,1014,True,False
Bases analíticas,Anos Iniciais,nivel_2_anos_iniciais,float64,37460,37460,0,0.0,647,True,False
Bases analíticas,Anos Iniciais,nivel_3_anos_iniciais,float64,37460,37460,0,0.0,742,True,False
Bases analíticas,Anos Iniciais,nivel_4_anos_iniciais,float64,37460,37460,0,0.0,602,True,False
Bases analíticas,Anos Iniciais,nivel_5_anos_iniciais,float64,37460,37460,0,0.0,212,True,False
Bases analíticas,Anos Iniciais,nivel_6_anos_iniciais,float64,37460,37460,0,0.0,189,True,False
Bases analíticas,Anos Iniciais,grupo_1_anos_iniciais,float64,37460,37455,5,0.013347570742124932,997,True,False
Bases analíticas,Anos Iniciais,grupo_2_anos_iniciais,float64,37460,37455,5,0.013347570742124932,339,True,False
Bases analíticas,Anos Iniciais,grupo_3_anos_iniciais,float64,37460,37455,5,0.013347570742124932,644,True,False
Bases analíticas,Anos Iniciais,grupo_4_anos_iniciais,float64,37460,37455,5,0.013347570742124932,424,True,False
Bases analíticas,Anos Iniciais,grupo_5_anos_iniciais,float64,37460,37455,5,0.013347570742124932,1042,True,False
Bases analíticas,Anos Finais,ano,Int64,37055,37055,0,0.0,7,True,True
Bases analíticas,Anos Finais,sigla_uf,string,37055,37055,0,0.0,27,False,True
Bases analíticas,Anos Finais,cod_municipio,Int64,37055,37055,0,0.0,5563,True,True
Bases analíticas,Anos Finais,nome_municipio,object,37055,37055,0,0.0,10439,False,True
Bases analíticas,Anos Finais,ideb_anos_finais,float64,37055,37055,0,0.0,77,True,False
Bases analíticas,Anos Finais,populacao,int64,37055,37055,0,0.0,23759,True,False
Bases analíticas,Anos Finais,pib,float64,37055,37055,0,0.0,37051,True,False
Bases analíticas,Anos Finais,pib_per_capita,float64,37055,37055,0,0.0,37055,True,False
Bases analíticas,Anos Finais,origem_pib,object,37055,37055,0,0.0,2,False,False
Bases analíticas,Anos Finais,bpc_beneficiarios_pcd,float64,37055,37051,4,0.01079476453919849,3126,True,False
Bases analíticas,Anos Finais,bpc_beneficiarios_idosos,float64,37055,37051,4,0.01079476453919849,2751,True,False
Bases analíticas,Anos Finais,bpc_beneficiarios_total,float64,37055,36997,58,0.1565240858183781,4268,True,False
Bases analíticas,Anos Finais,bpc_valor_pcd,float64,37055,37055,0,0.0,36227,True,False
Bases analíticas,Anos Finais,bpc_valor_idosos,float64,37055,37055,0,0.0,33821,True,False
Bases analíticas,Anos Finais,bpc_valor_total,float64,37055,37006,49,0.1322358656051815,36617,True,False
Bases analíticas,Anos Finais,bolsa_familia_beneficiarios,float64,37055,37054,1,0.0026986911347996224,8332,True,False
Bases analíticas,Anos Finais,vacas_ordenhadas_cabecas,float64,37055,36580,475,1.2818782890298206,9466,True,False
Bases analíticas,Anos Finais,efetivo_bovino_cabecas,float64,37055,36808,247,0.6665767102955067,24997,True,False
Bases analíticas,Anos Finais,efetivo_bubalino_cabecas,float64,37055,17982,19073,51.4721360140332,1955,True,False
Bases analíticas,Anos Finais,efetivo_caprino_cabecas,float64,37055,33774,3281,8.85440561327756,5794,True,False
Bases analíticas,Anos Finais,efetivo_codornas_cabecas,float64,37055,6456,30599,82.57725003373363,1714,True,False
Bases analíticas,Anos Finais,efetivo_equino_cabecas,float64,37055,36651,404,1.0902712184590473,5408,True,False
Bases analíticas,Anos Finais,efetivo_galinaceos_total_cabecas,float64,37055,36390,665,1.794629604641749,21622,True,False
Bases analíticas,Anos Finais,efetivo_ovino_cabecas,float64,37055,35201,1854,5.0033733639185,8603,True,False
Bases analíticas,Anos Finais,efetivo_suino_total_cabecas,float64,37055,36415,640,1.7271623262717584,11290,True,False
Bases analíticas,Anos Finais,valor_producao_total_mil_reais,float64,37055,36761,294,0.7934151936310888,21050,True,False
Bases analíticas,Anos Finais,valor_producao_extracao_vegetal_total_mil_reais,float64,37055,23104,13951,37.649440021589534,4564,True,False
Bases analíticas,Anos Finais,valor_producao_aquicultura_total_mil_reais,float64,37055,21482,15573,42.026717042234516,4789,True,False
Bases analíticas,Anos Finais,area_plantada_destinada_colheita_ha_total,float64,37055,36558,497,1.3412494939954123,18680,True,False
Bases analíticas,Anos Finais,area_colhida_ha_total,float64,37055,36523,532,1.435703683713399,18551,True,False
Bases analíticas,Anos Finais,valor_producao_mil_reais_total,float64,37055,36523,532,1.435703683713399,27838,True,False
Bases analíticas,Anos Finais,origem_agropecuaria,object,37055,37048,7,0.018890837943597357,2,False,False
Bases analíticas,Anos Finais,tem_importacao,int64,37055,37055,0,0.0,2,True,False
Bases analíticas,Anos Finais,tem_exportacao,int64,37055,37055,0,0.0,2,True,False
Bases analíticas,Anos Finais,ird_baixa_regularidade,float64,37055,37055,0,0.0,591,True,False
Bases analíticas,Anos Finais,ird_media_baixa,float64,37055,37055,0,0.0,755,True,False
Bases analíticas,Anos Finais,ird_media_alta,float64,37055,37055,0,0.0,805,True,False
Bases analíticas,Anos Finais,ird_alta,float64,37055,37055,0,0.0,626,True,False
Bases analíticas,Anos Finais,nivel_1_complexidade_gestao,float64,37055,37055,0,0.0,720,True,False
Bases analíticas,Anos Finais,nivel_2_complexidade_gestao,float64,37055,37055,0,0.0,690,True,False
Bases analíticas,Anos Finais,nivel_3_complexidade_gestao,float64,37055,37055,0,0.0,600,True,False
Bases analíticas,Anos Finais,nivel_4_complexidade_gestao,float64,37055,37055,0,0.0,480,True,False
Bases analíticas,Anos Finais,nivel_5_complexidade_gestao,float64,37055,37055,0,0.0,591,True,False
Bases analíticas,Anos Finais,nivel_6_complexidade_gestao,float64,37055,37055,0,0.0,285,True,False
Bases analíticas,Anos Finais,qtd_escolas_publicas,int64,37055,37055,0,0.0,383,True,False
Bases analíticas,Anos Finais,qtd_escolas_publicas_localizacao_diferenciada,int64,37055,37055,0,0.0,119,True,False
Bases analíticas,Anos Finais,qtd_escolas_publicas_infantil,float64,37055,31565,5490,14.815814330049925,239,True,False
Bases analíticas,Anos Finais,qtd_escolas_publicas_creche,float64,37055,31565,5490,14.815814330049925,158,True,False
Bases analíticas,Anos Finais,qtd_escolas_publicas_pre_escola,float64,37055,31565,5490,14.815814330049925,226,True,False
Bases analíticas,Anos Finais,qtd_escolas_publicas_anos_iniciais,float64,37055,31565,5490,14.815814330049925,261,True,False
Bases analíticas,Anos Finais,qtd_escolas_publicas_anos_finais,float64,37055,31565,5490,14.815814330049925,204,True,False
Bases analíticas,Anos Finais,qtd_escolas_publicas_ensino_medio,float64,37055,31565,5490,14.815814330049925,126,True,False
Bases analíticas,Anos Finais,qtd_escolas_publicas_eja,int64,37055,37055,0,0.0,165,True,False
Bases analíticas,Anos Finais,qtd_escolas_publicas_educacao_especial,float64,37055,31565,5490,14.815814330049925,323,True,False
Bases analíticas,Anos Finais,qtd_escolas_publicas_educacao_especial_classe_comum,float64,37055,31565,5490,14.815814330049925,327,True,False
Bases analíticas,Anos Finais,qtd_escolas_publicas_educacao_especial_exclusiva,float64,37055,31565,5490,14.815814330049925,53,True,False
Bases analíticas,Anos Finais,qtd_escolas_publicas_com_agua_potavel,int64,37055,37055,0,0.0,312,True,False
Bases analíticas,Anos Finais,qtd_escolas_publicas_com_agua_rede_publica,int64,37055,37055,0,0.0,346,True,False
Bases analíticas,Anos Finais,qtd_escolas_publicas_com_energia_rede_publica,int64,37055,37055,0,0.0,374,True,False
Bases analíticas,Anos Finais,qtd_escolas_publicas_com_esgoto_rede_publica,int64,37055,37055,0,0.0,309,True,False
Bases analíticas,Anos Finais,qtd_escolas_publicas_com_banheiro,int64,37055,37055,0,0.0,313,True,False
Bases analíticas,Anos Finais,qtd_escolas_publicas_com_banheiro_pne,int64,37055,37055,0,0.0,273,True,False
Bases analíticas,Anos Finais,qtd_escolas_publicas_com_biblioteca,int64,37055,37055,0,0.0,241,True,False
Bases analíticas,Anos Finais,qtd_escolas_publicas_com_sala_leitura,int64,37055,37055,0,0.0,190,True,False
Bases analíticas,Anos Finais,qtd_escolas_publicas_com_lab_ciencias,int64,37055,37055,0,0.0,135,True,False
Bases analíticas,Anos Finais,qtd_escolas_publicas_com_lab_informatica,int64,37055,37055,0,0.0,245,True,False
Bases analíticas,Anos Finais,qtd_escolas_publicas_com_quadra_esportes,int64,37055,37055,0,0.0,254,True,False
Bases analíticas,Anos Finais,qtd_escolas_publicas_com_quadra_esportes_coberta,int64,37055,37055,0,0.0,202,True,False
Bases analíticas,Anos Finais,qtd_escolas_publicas_com_refeitorio,int64,37055,37055,0,0.0,289,True,False
Bases analíticas,Anos Finais,qtd_escolas_publicas_com_cozinha,int64,37055,37055,0,0.0,376,True,False
Bases analíticas,Anos Finais,qtd_escolas_publicas_com_internet,int64,37055,37055,0,0.0,348,True,False
Bases analíticas,Anos Finais,qtd_escolas_publicas_com_internet_alunos,int64,37055,37055,0,0.0,191,True,False
Bases analíticas,Anos Finais,qtd_escolas_publicas_com_internet_administrativo,int64,37055,37055,0,0.0,300,True,False
Bases analíticas,Anos Finais,qtd_escolas_publicas_com_computador,int64,37055,37055,0,0.0,360,True,False
Bases analíticas,Anos Finais,qtd_escolas_publicas_com_dependencias_pne,float64,37055,26183,10872,29.340170017541496,156,True,False
Bases analíticas,Anos Finais,qtd_escolas_publicas_com_acessibilidade_rampas,int64,37055,37055,0,0.0,227,True,False
Bases analíticas,Anos Finais,qtd_escolas_publicas_com_acessibilidade_corrimao,int64,37055,37055,0,0.0,171,True,False
Bases analíticas,Anos Finais,qtd_escolas_publicas_com_acessibilidade_pisos_tateis,int64,37055,37055,0,0.0,104,True,False
Bases analíticas,Anos Finais,qtd_escolas_publicas_com_acessibilidade_vao_livre,int64,37055,37055,0,0.0,196,True,False
Bases analíticas,Anos Finais,qtd_escolas_publicas_sem_acessibilidade,int64,37055,37055,0,0.0,189,True,False
Bases analíticas,Anos Finais,matriculas_basica_publica,float64,37055,31565,5490,14.815814330049925,11735,True,False
Bases analíticas,Anos Finais,matriculas_anos_iniciais_publica,float64,37055,31565,5490,14.815814330049925,6465,True,False
Bases analíticas,Anos Finais,matriculas_anos_finais_publica,float64,37055,31565,5490,14.815814330049925,5803,True,False
Bases analíticas,Anos Finais,matriculas_ensino_medio_publica,float64,37055,31565,5490,14.815814330049925,4588,True,False
Bases analíticas,Anos Finais,matriculas_eja_publica,float64,37055,31565,5490,14.815814330049925,3200,True,False
Bases analíticas,Anos Finais,matriculas_educacao_especial_publica,float64,37055,31565,5490,14.815814330049925,1679,True,False
Bases analíticas,Anos Finais,docentes_basica_publica,float64,37055,31565,5490,14.815814330049925,2456,True,False
Bases analíticas,Anos Finais,docentes_anos_iniciais_publica,float64,37055,31565,5490,14.815814330049925,1192,True,False
Bases analíticas,Anos Finais,docentes_anos_finais_publica,float64,37055,31565,5490,14.815814330049925,1295,True,False
Bases analíticas,Anos Finais,docentes_ensino_medio_publica,float64,37055,31565,5490,14.815814330049925,1100,True,False
Bases analíticas,Anos Finais,docentes_eja_publica,float64,37055,31565,5490,14.815814330049925,681,True,False
Bases analíticas,Anos Finais,docentes_educacao_especial_publica,float64,37055,31565,5490,14.815814330049925,1876,True,False
Bases analíticas,Anos Finais,turmas_basica_publica,float64,37055,31565,5490,14.815814330049925,2073,True,False
Bases analíticas,Anos Finais,turmas_anos_iniciais_publica,float64,37055,31565,5490,14.815814330049925,1066,True,False
Bases analíticas,Anos Finais,turmas_anos_finais_publica,float64,37055,31565,5490,14.815814330049925,898,True,False
Bases analíticas,Anos Finais,turmas_ensino_medio_publica,float64,37055,31565,5490,14.815814330049925,681,True,False
Bases analíticas,Anos Finais,turmas_eja_publica,float64,37055,31565,5490,14.815814330049925,462,True,False
Bases analíticas,Anos Finais,turmas_educacao_especial_publica,float64,37055,31565,5490,14.815814330049925,1217,True,False
Bases analíticas,Anos Finais,salas_existentes_publica,float64,37055,26183,10872,29.340170017541496,1162,True,False
Bases analíticas,Anos Finais,salas_utilizadas_publica,int64,37055,37055,0,0.0,1673,True,False
Bases analíticas,Anos Finais,salas_utilizadas_dentro_publica,int64,37055,37055,0,0.0,1314,True,False
Bases analíticas,Anos Finais,salas_utilizadas_fora_publica,int64,37055,37055,0,0.0,269,True,False
Bases analíticas,Anos Finais,salas_utilizadas_climatizadas_publica,int64,37055,37055,0,0.0,740,True,False
Bases analíticas,Anos Finais,salas_utilizadas_acessiveis_publica,int64,37055,37055,0,0.0,682,True,False
Bases analíticas,Anos Finais,computadores_aluno_publica,float64,37055,26183,10872,29.340170017541496,1286,True,False
Bases analíticas,Anos Finais,computadores_administrativo_publica,float64,37055,26183,10872,29.340170017541496,714,True,False
Bases analíticas,Anos Finais,media_alunos_por_turma_basica_publica,float64,37055,31565,5490,14.815814330049925,25698,True,False
Bases analíticas,Anos Finais,media_alunos_por_docente_basica_publica,float64,37055,31565,5490,14.815814330049925,27536,True,False
Bases analíticas,Anos Finais,media_docentes_por_escola_publica,float64,37055,31565,5490,14.815814330049925,9163,True,False
Bases analíticas,Anos Finais,media_turmas_por_escola_publica,float64,37055,31565,5490,14.815814330049925,8089,True,False
Bases analíticas,Anos Finais,proporcao_escolas_publicas_com_internet,float64,37055,37055,0,0.0,2528,True,False
Bases analíticas,Anos Finais,proporcao_escolas_publicas_com_biblioteca,float64,37055,37055,0,0.0,2480,True,False
Bases analíticas,Anos Finais,proporcao_escolas_publicas_com_lab_informatica,float64,37055,37055,0,0.0,2547,True,False
Bases analíticas,Anos Finais,proporcao_escolas_publicas_com_banheiro_pne,float64,37055,37055,0,0.0,2631,True,False
Bases analíticas,Anos Finais,proporcao_escolas_publicas_com_agua_potavel,float64,37055,37055,0,0.0,1018,True,False
Bases analíticas,Anos Finais,proporcao_escolas_publicas_com_energia_rede_publica,float64,37055,37055,0,0.0,1202,True,False
Bases analíticas,Anos Finais,proporcao_escolas_publicas_com_esgoto_rede_publica,float64,37055,37055,0,0.0,2480,True,False
Bases analíticas,Anos Finais,tx_distorcao_anos_finais,float64,37055,37054,1,0.0026986911347996224,701,True,False
Bases analíticas,Anos Finais,media_had_anos_finais,float64,37055,37055,0,0.0,73,True,False
Bases analíticas,Anos Finais,media_atu_anos_finais,float64,37055,37055,0,0.0,352,True,False
Bases analíticas,Anos Finais,nivel_1_anos_finais,float64,37055,37055,0,0.0,556,True,False
Bases analíticas,Anos Finais,nivel_2_anos_finais,float64,37055,37055,0,0.0,674,True,False
Bases analíticas,Anos Finais,nivel_3_anos_finais,float64,37055,37055,0,0.0,750,True,False
Bases analíticas,Anos Finais,nivel_4_anos_finais,float64,37055,37055,0,0.0,761,True,False
Bases analíticas,Anos Finais,nivel_5_anos_finais,float64,37055,37055,0,0.0,436,True,False
Bases analíticas,Anos Finais,nivel_6_anos_finais,float64,37055,37055,0,0.0,374,True,False
Bases analíticas,Anos Finais,grupo_1_anos_finais,float64,37055,37055,0,0.0,979,True,False
Bases analíticas,Anos Finais,grupo_2_anos_finais,float64,37055,37055,0,0.0,399,True,False
Bases analíticas,Anos Finais,grupo_3_anos_finais,float64,37055,37055,0,0.0,842,True,False
Bases analíticas,Anos Finais,grupo_4_anos_finais,float64,37055,37055,0,0.0,373,True,False
Bases analíticas,Anos Finais,grupo_5_anos_finais,float64,37055,37055,0,0.0,905,True,False
Bases analíticas,Ensino Médio,ano,Int64,23920,23920,0,0.0,5,True,True
Bases analíticas,Ensino Médio,sigla_uf,string,23920,23920,0,0.0,27,False,True
Bases analíticas,Ensino Médio,cod_municipio,Int64,23920,23920,0,0.0,5557,True,True
Bases analíticas,Ensino Médio,nome_municipio,object,23920,23920,0,0.0,5298,False,True
Bases analíticas,Ensino Médio,ideb_ensino_medio,float64,23920,23920,0,0.0,57,True,False
Bases analíticas,Ensino Médio,populacao,int64,23920,23920,0,0.0,17693,True,False
Bases analíticas,Ensino Médio,pib,float64,23920,23920,0,0.0,23916,True,False
Bases analíticas,Ensino Médio,pib_per_capita,float64,23920,23920,0,0.0,23920,True,False
Bases analíticas,Ensino Médio,origem_pib,object,23920,23920,0,0.0,2,False,False
Bases analíticas,Ensino Médio,bpc_beneficiarios_pcd,int64,23920,23920,0,0.0,2770,True,False
Bases analíticas,Ensino Médio,bpc_beneficiarios_idosos,int64,23920,23920,0,0.0,2350,True,False
Bases analíticas,Ensino Médio,bpc_beneficiarios_total,float64,23920,23903,17,0.07107023411371238,3693,True,False
Bases analíticas,Ensino Médio,bpc_valor_pcd,float64,23920,23920,0,0.0,23604,True,False
Bases analíticas,Ensino Médio,bpc_valor_idosos,float64,23920,23920,0,0.0,22499,True,False
Bases analíticas,Ensino Médio,bpc_valor_total,float64,23920,23905,15,0.06270903010033445,23773,True,False
Bases analíticas,Ensino Médio,bolsa_familia_beneficiarios,int64,23920,23920,0,0.0,7102,True,False
Bases analíticas,Ensino Médio,vacas_ordenhadas_cabecas,float64,23920,23587,333,1.3921404682274248,7570,True,False
Bases analíticas,Ensino Médio,efetivo_bovino_cabecas,float64,23920,23756,164,0.68561872909699,17985,True,False
Bases analíticas,Ensino Médio,efetivo_bubalino_cabecas,float64,23920,11676,12244,51.18729096989967,1598,True,False
Bases analíticas,Ensino Médio,efetivo_caprino_cabecas,float64,23920,21746,2174,9.088628762541806,4611,True,False
Bases analíticas,Ensino Médio,efetivo_codornas_cabecas,float64,23920,4180,19740,82.52508361204013,1387,True,False
Bases analíticas,Ensino Médio,efetivo_equino_cabecas,float64,23920,23671,249,1.0409698996655519,4619,True,False
Bases analíticas,Ensino Médio,efetivo_galinaceos_total_cabecas,float64,23920,23534,386,1.61371237458194,14951,True,False
Bases analíticas,Ensino Médio,efetivo_ovino_cabecas,float64,23920,22749,1171,4.895484949832776,6863,True,False
Bases analíticas,Ensino Médio,efetivo_suino_total_cabecas,float64,23920,23518,402,1.680602006688963,8925,True,False
Bases analíticas,Ensino Médio,valor_producao_total_mil_reais,float64,23920,23725,195,0.8152173913043478,17072,True,False
Bases analíticas,Ensino Médio,valor_producao_extracao_vegetal_total_mil_reais,float64,23920,14452,9468,39.5819397993311,3680,True,False
Bases analíticas,Ensino Médio,valor_producao_aquicultura_total_mil_reais,float64,23920,14703,9217,38.53260869565218,4054,True,False
Bases analíticas,Ensino Médio,area_plantada_destinada_colheita_ha_total,float64,23920,23594,326,1.3628762541806019,14152,True,False
Bases analíticas,Ensino Médio,area_colhida_ha_total,float64,23920,23575,345,1.4423076923076923,14044,True,False
Bases analíticas,Ensino Médio,valor_producao_mil_reais_total,float64,23920,23575,345,1.4423076923076923,19812,True,False
Bases analíticas,Ensino Médio,origem_agropecuaria,object,23920,23915,5,0.020903010033444816,2,False,False
Bases analíticas,Ensino Médio,tem_importacao,int64,23920,23920,0,0.0,2,True,False
Bases analíticas,Ensino Médio,tem_exportacao,int64,23920,23920,0,0.0,2,True,False
Bases analíticas,Ensino Médio,ird_baixa_regularidade,float64,23920,23920,0,0.0,535,True,False
Bases analíticas,Ensino Médio,ird_media_baixa,float64,23920,23920,0,0.0,726,True,False
Bases analíticas,Ensino Médio,ird_media_alta,float64,23920,23920,0,0.0,784,True,False
Bases analíticas,Ensino Médio,ird_alta,float64,23920,23920,0,0.0,574,True,False
Bases analíticas,Ensino Médio,nivel_1_complexidade_gestao,float64,23920,23920,0,0.0,659,True,False
Bases analíticas,Ensino Médio,nivel_2_complexidade_gestao,float64,23920,23920,0,0.0,657,True,False
Bases analíticas,Ensino Médio,nivel_3_complexidade_gestao,float64,23920,23920,0,0.0,566,True,False
Bases analíticas,Ensino Médio,nivel_4_complexidade_gestao,float64,23920,23920,0,0.0,452,True,False
Bases analíticas,Ensino Médio,nivel_5_complexidade_gestao,float64,23920,23920,0,0.0,547,True,False
Bases analíticas,Ensino Médio,nivel_6_complexidade_gestao,float64,23920,23920,0,0.0,227,True,False
Bases analíticas,Ensino Médio,qtd_escolas_publicas,int64,23920,23920,0,0.0,339,True,False
Bases analíticas,Ensino Médio,qtd_escolas_publicas_localizacao_diferenciada,int64,23920,23920,0,0.0,108,True,False
Bases analíticas,Ensino Médio,qtd_escolas_publicas_infantil,float64,23920,18493,5427,22.688127090301002,209,True,False
Bases analíticas,Ensino Médio,qtd_escolas_publicas_creche,float64,23920,18493,5427,22.688127090301002,144,True,False
Bases analíticas,Ensino Médio,qtd_escolas_publicas_pre_escola,float64,23920,18493,5427,22.688127090301002,197,True,False
Bases analíticas,Ensino Médio,qtd_escolas_publicas_anos_iniciais,float64,23920,18493,5427,22.688127090301002,220,True,False
Bases analíticas,Ensino Médio,qtd_escolas_publicas_anos_finais,float64,23920,18493,5427,22.688127090301002,175,True,False
Bases analíticas,Ensino Médio,qtd_escolas_publicas_ensino_medio,float64,23920,18493,5427,22.688127090301002,107,True,False
Bases analíticas,Ensino Médio,qtd_escolas_publicas_eja,int64,23920,23920,0,0.0,139,True,False
Bases analíticas,Ensino Médio,qtd_escolas_publicas_educacao_especial,float64,23920,18493,5427,22.688127090301002,282,True,False
Bases analíticas,Ensino Médio,qtd_escolas_publicas_educacao_especial_classe_comum,float64,23920,18493,5427,22.688127090301002,284,True,False
Bases analíticas,Ensino Médio,qtd_escolas_publicas_educacao_especial_exclusiva,float64,23920,18493,5427,22.688127090301002,42,True,False
Bases analíticas,Ensino Médio,qtd_escolas_publicas_com_agua_potavel,int64,23920,23920,0,0.0,302,True,False
Bases analíticas,Ensino Médio,qtd_escolas_publicas_com_agua_rede_publica,int64,23920,23920,0,0.0,299,True,False
Bases analíticas,Ensino Médio,qtd_escolas_publicas_com_energia_rede_publica,int64,23920,23920,0,0.0,328,True,False
Bases analíticas,Ensino Médio,qtd_escolas_publicas_com_esgoto_rede_publica,int64,23920,23920,0,0.0,276,True,False
Bases analíticas,Ensino Médio,qtd_escolas_publicas_com_banheiro,int64,23920,23920,0,0.0,305,True,False
Bases analíticas,Ensino Médio,qtd_escolas_publicas_com_banheiro_pne,int64,23920,23920,0,0.0,250,True,False
Bases analíticas,Ensino Médio,qtd_escolas_publicas_com_biblioteca,int64,23920,23920,0,0.0,210,True,False
Bases analíticas,Ensino Médio,qtd_escolas_publicas_com_sala_leitura,int64,23920,23920,0,0.0,171,True,False
Bases analíticas,Ensino Médio,qtd_escolas_publicas_com_lab_ciencias,int64,23920,23920,0,0.0,114,True,False
Bases analíticas,Ensino Médio,qtd_escolas_publicas_com_lab_informatica,int64,23920,23920,0,0.0,207,True,False
Bases analíticas,Ensino Médio,qtd_escolas_publicas_com_quadra_esportes,int64,23920,23920,0,0.0,221,True,False
Bases analíticas,Ensino Médio,qtd_escolas_publicas_com_quadra_esportes_coberta,int64,23920,23920,0,0.0,183,True,False
Bases analíticas,Ensino Médio,qtd_escolas_publicas_com_refeitorio,int64,23920,23920,0,0.0,261,True,False
Bases analíticas,Ensino Médio,qtd_escolas_publicas_com_cozinha,int64,23920,23920,0,0.0,326,True,False
Bases analíticas,Ensino Médio,qtd_escolas_publicas_com_internet,int64,23920,23920,0,0.0,309,True,False
Bases analíticas,Ensino Médio,qtd_escolas_publicas_com_internet_alunos,int64,23920,23920,0,0.0,189,True,False
Bases analíticas,Ensino Médio,qtd_escolas_publicas_com_internet_administrativo,int64,23920,23920,0,0.0,295,True,False
Bases analíticas,Ensino Médio,qtd_escolas_publicas_com_computador,int64,23920,23920,0,0.0,318,True,False
Bases analíticas,Ensino Médio,qtd_escolas_publicas_com_dependencias_pne,float64,23920,13428,10492,43.8628762541806,103,True,False
Bases analíticas,Ensino Médio,qtd_escolas_publicas_com_acessibilidade_rampas,int64,23920,23920,0,0.0,226,True,False
Bases analíticas,Ensino Médio,qtd_escolas_publicas_com_acessibilidade_corrimao,int64,23920,23920,0,0.0,168,True,False
Bases analíticas,Ensino Médio,qtd_escolas_publicas_com_acessibilidade_pisos_tateis,int64,23920,23920,0,0.0,102,True,False
Bases analíticas,Ensino Médio,qtd_escolas_publicas_com_acessibilidade_vao_livre,int64,23920,23920,0,0.0,195,True,False
Bases analíticas,Ensino Médio,qtd_escolas_publicas_sem_acessibilidade,int64,23920,23920,0,0.0,185,True,False
Bases analíticas,Ensino Médio,matriculas_basica_publica,float64,23920,18493,5427,22.688127090301002,9005,True,False
Bases analíticas,Ensino Médio,matriculas_anos_iniciais_publica,float64,23920,18493,5427,22.688127090301002,5088,True,False
Bases analíticas,Ensino Médio,matriculas_anos_finais_publica,float64,23920,18493,5427,22.688127090301002,4602,True,False
Bases analíticas,Ensino Médio,matriculas_ensino_medio_publica,float64,23920,18493,5427,22.688127090301002,3665,True,False
Bases analíticas,Ensino Médio,matriculas_eja_publica,float64,23920,18493,5427,22.688127090301002,2556,True,False
Bases analíticas,Ensino Médio,matriculas_educacao_especial_publica,float64,23920,18493,5427,22.688127090301002,1484,True,False
Bases analíticas,Ensino Médio,docentes_basica_publica,float64,23920,18493,5427,22.688127090301002,2018,True,False
Bases analíticas,Ensino Médio,docentes_anos_iniciais_publica,float64,23920,18493,5427,22.688127090301002,984,True,False
Bases analíticas,Ensino Médio,docentes_anos_finais_publica,float64,23920,18493,5427,22.688127090301002,1063,True,False
Bases analíticas,Ensino Médio,docentes_ensino_medio_publica,float64,23920,18493,5427,22.688127090301002,902,True,False
Bases analíticas,Ensino Médio,docentes_eja_publica,float64,23920,18493,5427,22.688127090301002,547,True,False
Bases analíticas,Ensino Médio,docentes_educacao_especial_publica,float64,23920,18493,5427,22.688127090301002,1594,True,False
Bases analíticas,Ensino Médio,turmas_basica_publica,float64,23920,18493,5427,22.688127090301002,1720,True,False
Bases analíticas,Ensino Médio,turmas_anos_iniciais_publica,float64,23920,18493,5427,22.688127090301002,878,True,False
Bases analíticas,Ensino Médio,turmas_anos_finais_publica,float64,23920,18493,5427,22.688127090301002,750,True,False
Bases analíticas,Ensino Médio,turmas_ensino_medio_publica,float64,23920,18493,5427,22.688127090301002,560,True,False
Bases analíticas,Ensino Médio,turmas_eja_publica,float64,23920,18493,5427,22.688127090301002,381,True,False
Bases analíticas,Ensino Médio,turmas_educacao_especial_publica,float64,23920,18493,5427,22.688127090301002,1077,True,False
Bases analíticas,Ensino Médio,salas_existentes_publica,float64,23920,13428,10492,43.8628762541806,735,True,False
Bases analíticas,Ensino Médio,salas_utilizadas_publica,int64,23920,23920,0,0.0,1456,True,False
Bases analíticas,Ensino Médio,salas_utilizadas_dentro_publica,int64,23920,23920,0,0.0,1284,True,False
Bases analíticas,Ensino Médio,salas_utilizadas_fora_publica,int64,23920,23920,0,0.0,264,True,False
Bases analíticas,Ensino Médio,salas_utilizadas_climatizadas_publica,int64,23920,23920,0,0.0,723,True,False
Bases analíticas,Ensino Médio,salas_utilizadas_acessiveis_publica,int64,23920,23920,0,0.0,670,True,False
Bases analíticas,Ensino Médio,computadores_aluno_publica,float64,23920,13428,10492,43.8628762541806,744,True,False
Bases analíticas,Ensino Médio,computadores_administrativo_publica,float64,23920,13428,10492,43.8628762541806,448,True,False
Bases analíticas,Ensino Médio,media_alunos_por_turma_basica_publica,float64,23920,18493,5427,22.688127090301002,16009,True,False
Bases analíticas,Ensino Médio,media_alunos_por_docente_basica_publica,float64,23920,18493,5427,22.688127090301002,16875,True,False
Bases analíticas,Ensino Médio,media_docentes_por_escola_publica,float64,23920,18493,5427,22.688127090301002,6425,True,False
Bases analíticas,Ensino Médio,media_turmas_por_escola_publica,float64,23920,18493,5427,22.688127090301002,5737,True,False
Bases analíticas,Ensino Médio,proporcao_escolas_publicas_com_internet,float64,23920,23920,0,0.0,1864,True,False
Bases analíticas,Ensino Médio,proporcao_escolas_publicas_com_biblioteca,float64,23920,23920,0,0.0,1973,True,False
Bases analíticas,Ensino Médio,proporcao_escolas_publicas_com_lab_informatica,float64,23920,23920,0,0.0,1958,True,False
Bases analíticas,Ensino Médio,proporcao_escolas_publicas_com_banheiro_pne,float64,23920,23920,0,0.0,2128,True,False
Bases analíticas,Ensino Médio,proporcao_escolas_publicas_com_agua_potavel,float64,23920,23920,0,0.0,974,True,False
Bases analíticas,Ensino Médio,proporcao_escolas_publicas_com_energia_rede_publica,float64,23920,23920,0,0.0,807,True,False
Bases analíticas,Ensino Médio,proporcao_escolas_publicas_com_esgoto_rede_publica,float64,23920,23920,0,0.0,1976,True,False
Bases analíticas,Ensino Médio,tx_distorcao_ensino_medio,float64,23920,23920,0,0.0,690,True,False
Bases analíticas,Ensino Médio,media_had_ensino_medio,float64,23920,23920,0,0.0,89,True,False
Bases analíticas,Ensino Médio,media_atu_ensino_medio,float64,23920,23920,0,0.0,396,True,False
Bases analíticas,Ensino Médio,nivel_1_ensino_medio,float64,23920,23920,0,0.0,248,True,False
Bases analíticas,Ensino Médio,nivel_2_ensino_medio,float64,23920,23920,0,0.0,502,True,False
Bases analíticas,Ensino Médio,nivel_3_ensino_medio,float64,23920,23920,0,0.0,742,True,False
Bases analíticas,Ensino Médio,nivel_4_ensino_medio,float64,23920,23920,0,0.0,769,True,False
Bases analíticas,Ensino Médio,nivel_5_ensino_medio,float64,23920,23920,0,0.0,545,True,False
Bases analíticas,Ensino Médio,nivel_6_ensino_medio,float64,23920,23920,0,0.0,455,True,False
Bases analíticas,Ensino Médio,grupo_1_ensino_medio,float64,23920,23920,0,0.0,912,True,False
Bases analíticas,Ensino Médio,grupo_2_ensino_medio,float64,23920,23920,0,0.0,348,True,False
Bases analíticas,Ensino Médio,grupo_3_ensino_medio,float64,23920,23920,0,0.0,764,True,False
Bases analíticas,Ensino Médio,grupo_4_ensino_medio,float64,23920,23920,0,0.0,405,True,False
Bases analíticas,Ensino Médio,grupo_5_ensino_medio,float64,23920,23920,0,0.0,467,True,False
